ENERDATA,SBS,EF,IEA,flow,Navigate
NA,PCH,REN,NA,,
NA,PCH,HCL,BITCOAL,NECHEM,
NA,PCH,LGN,NA,,
Oil final consumption of chemical feedstock.Mtoe,PCH,CRO,NA,NECHEM,
LPG (liquified petroleum gas) final consumption of chemical feedstock.Mtoe,PCH,LPG,LPG,NECHEM,
NA,PCH,GSL,NONBIOGASO,NECHEM,
NA,PCH,KRS,NA,,
"Diesel, heating oil final consumption of chemical feedstock.Mtoe",PCH,GDO,NONBIODIES,NECHEM,
NA,PCH,RFO,NA,,
NA,PCH,OLQ,NA,,
Natural gas final consumption of chemical feedstock.Mtoe,PCH,NGS,NATGAS,NECHEM,
NA,PCH,OGS,NA,,
NA,PCH,NUC,NA,,
NA,PCH,STE,NA,,
NA,PCH,HYD,NA,,
NA,PCH,WND,NA,,
NA,PCH,SOL,NA,,
NA,PCH,BMSWAS,NA,,
NA,PCH,GEO,NA,,
NA,PCH,MET,NA,,
NA,PCH,ETH,NA,,
NA,PCH,BGDO,NA,,
NA,PCH,H2F,NA,,
NA,PCH,ELC,NA,,
NA,PCH,PHEVGSL,NA,,
NA,PCH,PHEVGDO,NA,,
NA,PCH,CHEVGSL,NA,,
NA,PCH,CHEVGDO,NA,,
NA,PCH,SLD,NA,,
NA,PCH,GAS,NA,,
NA,PCH,LQD,NA,,
NA,PCH,OLQT,NA,,
NA,PCH,NFF,NA,,
NA,PCH,NEF,NA,,
NA,PCH,HEATPUMP,NA,,
NA,IS,REN,NA,,
Coal and lignite final consumption of steel industry.Mtoe,IS,HCL,BITCOAL,IRONSTL,Final Energy|Industry|Iron and Steel|Solids|Coal
NA,IS,LGN,LIGNITE,IRONSTL,
NA,IS,CRO,NA,,Final Energy|Industry|Iron and Steel|Liquids|Fossil
NA,IS,LPG,LPG,IRONSTL,
NA,IS,GSL,NONBIOGASO,IRONSTL,Final Energy|Industry|Iron and Steel|Liquids
NA,IS,KRS,NA,,
"Diesel, heating oil final consumption of steel industry.Mtoe",IS,GDO,NONBIODIES,IRONSTL,
NA,IS,RFO,NA,,
NA,IS,OLQ,NA,,
Natural gas final consumption of steel industry.Mtoe,IS,NGS,NATGAS,IRONSTL,Final Energy|Industry|Iron and Steel|Gases|Fossil
Coke oven gas final consumption of steel industry.Mtoe,IS,OGS,COKEOVGS,IRONSTL,
NA,IS,NUC,NA,,
NA,IS,STE,NA,,Final Energy|Industry|Iron and Steel|Heat
NA,IS,HYD,NA,,Final Energy|Industry|Iron and Steel|Hydrogen
NA,IS,WND,NA,,
NA,IS,SOL,NA,,
Biomass final consumption of steel industry.Mtoe,IS,BMSWAS,NA,IRONSTL,Final Energy|Industry|Iron and Steel|Solids|Biomass
NA,IS,GEO,NA,,
NA,IS,MET,NA,,
NA,IS,ETH,NA,,
NA,IS,BGDO,BIODIESEL,IRONSTL,Final Energy|Industry|Iron and Steel|Liquids|Biomass
NA,IS,H2F,NA,,
Electricity final consumption of steel industry.Mtoe,IS,ELC,ELECTR,IRONSTL,Final Energy|Industry|Iron and Steel|Electricity
NA,IS,PHEVGSL,NA,,
NA,IS,PHEVGDO,NA,,
NA,IS,CHEVGSL,NA,,
NA,IS,CHEVGDO,NA,,
NA,IS,SLD,NA,,Final Energy|Industry|Iron and Steel|Solids
NA,IS,GAS,NA,,Final Energy|Industry|Iron and Steel|Gases
NA,IS,LQD,NA,,
NA,IS,OLQT,NA,,
NA,IS,NFF,NA,,
NA,IS,NEF,NA,,
NA,IS,HEATPUMP,NA,,
NA,NF,REN,NA,,
Coal and lignite final consumption of non ferrous metals.Mtoe,NF,HCL,BITCOAL,NONFERR,Final Energy|Industry|Non-Ferrous Metals|Solids|Coal
NA,NF,LGN,LIGNITE,NONFERR,
NA,NF,CRO,NA,,Final Energy|Industry|Non-Ferrous Metals|Liquids|Fossil
NA,NF,LPG,LPG,NONFERR,
NA,NF,GSL,NONBIOGASO,NONFERR,Final Energy|Industry|Non-Ferrous Metals|Liquids
NA,NF,KRS,NA,,
"Diesel, heating oil final consumption of non ferrous metals.Mtoe",NF,GDO,NONBIODIES,NONFERR,
NA,NF,RFO,NA,,
NA,NF,OLQ,NA,,
Natural gas final consumption of non ferrous metals.Mtoe,NF,NGS,NATGAS,NONFERR,Final Energy|Industry|Non-Ferrous Metals|Gases
NA,NF,OGS,NA,,
NA,NF,NUC,NA,,
NA,NF,STE,NA,,Final Energy|Industry|Non-Ferrous Metals|Heat
NA,NF,HYD,NA,,Final Energy|Industry|Non-Ferrous Metals|Hydrogen
NA,NF,WND,NA,,
NA,NF,SOL,NA,,Final Energy|Industry|Non-Ferrous Metals|Solar
Biomass final consumption of non ferrous metals.Mtoe,NF,BMSWAS,NA,,Final Energy|Industry|Non-Ferrous Metals|Solids|Biomass
NA,NF,GEO,NA,,
NA,NF,MET,NA,,
NA,NF,ETH,NA,,
NA,NF,BGDO,BIODIESEL,NONFERR,Final Energy|Industry|Non-Ferrous Metals|Liquids|Biomass
NA,NF,H2F,NA,,
Electricity final consumption of non ferrous metals.Mtoe,NF,ELC,ELECTR,NONFERR,Final Energy|Industry|Non-Ferrous Metals|Electricity
NA,NF,PHEVGSL,NA,,
NA,NF,PHEVGDO,NA,,
NA,NF,CHEVGSL,NA,,
NA,NF,CHEVGDO,NA,,
NA,NF,SLD,NA,,Final Energy|Industry|Non-Ferrous Metals|Solids
NA,NF,GAS,NA,,
NA,NF,LQD,NA,,
NA,NF,OLQT,NA,,
NA,NF,NFF,NA,,
NA,NF,NEF,NA,,
NA,NF,HEATPUMP,NA,,
NA,CH,REN,NA,,
Coal and lignite final consumption of chemical industry.Mtoe,CH,HCL,BITCOAL,CHEMICAL,Final Energy|Industry|Chemicals|Solids|Coal
NA,CH,LGN,LIGNITE,CHEMICAL,
NA,CH,CRO,NA,,Final Energy|Industry|Chemicals|Liquids|Fossil
NA,CH,LPG,LPG,CHEMICAL,
NA,CH,GSL,NONBIOGASO,CHEMICAL,Final Energy|Industry|Chemicals|Liquids
NA,CH,KRS,NA,,
"Diesel, heating oil final consumption of chemical industry.Mtoe",CH,GDO,NONBIODIES,CHEMICAL,
NA,CH,RFO,NA,,
NA,CH,OLQ,NA,,
Natural gas final consumption of chemical industry.Mtoe,CH,NGS,NATGAS,CHEMICAL,Final Energy|Industry|Chemicals|Gases|Fossil
NA,CH,OGS,COKEOVGS,CHEMICAL,
NA,CH,NUC,NA,,
NA,CH,STE,NA,,Final Energy|Industry|Chemicals|Heat
NA,CH,HYD,NA,,Final Energy|Industry|Chemicals|Hydrogen
NA,CH,WND,NA,,
NA,CH,SOL,NA,,Final Energy|Industry|Chemicals|Solar
Biomass final consumption of chemical industry.Mtoe,CH,BMSWAS,NA,CHEMICAL,Final Energy|Industry|Chemicals|Solids|Biomass
NA,CH,GEO,NA,,
NA,CH,MET,NA,,
NA,CH,ETH,NA,,
NA,CH,BGDO,BIODIESEL,CHEMICAL,Final Energy|Industry|Chemicals|Liquids|Biomass
NA,CH,H2F,NA,,
Electricity final consumption of chemical industry.Mtoe,CH,ELC,ELECTR,CHEMICAL,Final Energy|Industry|Chemicals|Electricity
NA,CH,PHEVGSL,NA,,
NA,CH,PHEVGDO,NA,,
NA,CH,CHEVGSL,NA,,
NA,CH,CHEVGDO,NA,,
NA,CH,SLD,NA,,Final Energy|Industry|Chemicals|Solids
NA,CH,GAS,NA,,Final Energy|Industry|Chemicals|Gases
NA,CH,LQD,NA,,
NA,CH,OLQT,NA,,
NA,CH,NFF,NA,,
NA,CH,NEF,NA,,
NA,CH,HEATPUMP,NA,,
NA,BM,REN,NA,,
Coal and lignite final consumption of non-metallic minerals.Mtoe,BM,HCL,BITCOAL,NONMET,Final Energy|Industry|Non-Metallic Minerals|Solids|Coal
NA,BM,LGN,LIGNITE,NONMET,
NA,BM,CRO,NA,,Final Energy|Industry|Non-Metallic Minerals|Liquids|Fossil
NA,BM,LPG,LPG,NONMET,
NA,BM,GSL,NONBIOGASO,NONMET,Final Energy|Industry|Non-Metallic Minerals|Liquids
NA,BM,KRS,NA,,
"Diesel, heating oil final consumption of non-metallic minerals.Mtoe",BM,GDO,NONBIODIES,NONMET,
NA,BM,RFO,NA,,
NA,BM,OLQ,NA,,
Natural gas final consumption of non-metallic minerals.Mtoe,BM,NGS,NATGAS,NONMET,Final Energy|Industry|Non-Metallic Minerals|Gases|Fossil
NA,BM,OGS,COKEOVGS,NONMET,
NA,BM,NUC,NA,,
NA,BM,STE,NA,,Final Energy|Industry|Non-Metallic Minerals|Heat
NA,BM,HYD,NA,,Final Energy|Industry|Non-Metallic Minerals|Hydrogen
NA,BM,WND,NA,,
NA,BM,SOL,NA,,Final Energy|Industry|Non-Metallic Minerals|Solar
Biomass final consumption of non-metallic minerals.Mtoe,BM,BMSWAS,NA,NONMET,Final Energy|Industry|Non-Metallic Minerals|Solids|Biomass
NA,BM,GEO,NA,,
NA,BM,MET,NA,,
NA,BM,ETH,NA,,
NA,BM,BGDO,BIODIESEL,NONMET,Final Energy|Industry|Non-Metallic Minerals|Liquids|Biomass
NA,BM,H2F,NA,,
Electricity final consumption of non-metallic minerals.Mtoe,BM,ELC,ELECTR,NONMET,Final Energy|Industry|Non-Metallic Minerals|Electricity
NA,BM,PHEVGSL,NA,,
NA,BM,PHEVGDO,NA,,
NA,BM,CHEVGSL,NA,,
NA,BM,CHEVGDO,NA,,
NA,BM,SLD,NA,,Final Energy|Industry|Non-Metallic Minerals|Solids
NA,BM,GAS,NA,,Final Energy|Industry|Non-Metallic Minerals|Gases
NA,BM,LQD,NA,,
NA,BM,OLQT,NA,,
NA,BM,NFF,NA,,
NA,BM,NEF,NA,,
NA,BM,HEATPUMP,NA,,
NA,PP,REN,NA,,
Coal and lignite final consumption of paper and pulp.Mtoe,PP,HCL,BITCOAL,PAPERPRO,Final Energy|Industry|Pulp and Paper|Solids|Coal
NA,PP,LGN,LIGNITE,PAPERPRO,
NA,PP,CRO,NA,,Final Energy|Industry|Pulp and Paper|Liquids|Fossil
NA,PP,LPG,LPG,PAPERPRO,
NA,PP,GSL,NONBIOGASO,PAPERPRO,Final Energy|Industry|Pulp and Paper|Liquids
NA,PP,KRS,NA,,
"Diesel, heating oil final consumption of paper and pulp.Mtoe",PP,GDO,NONBIODIES,PAPERPRO,
NA,PP,RFO,NA,,
NA,PP,OLQ,NA,,
Natural gas final consumption of paper and pulp.Mtoe,PP,NGS,NATGAS,PAPERPRO,Final Energy|Industry|Pulp and Paper|Gases|Fossil
NA,PP,OGS,NA,NA,
NA,PP,NUC,NA,,
NA,PP,STE,NA,,Final Energy|Industry|Pulp and Paper|Heat
NA,PP,HYD,NA,,Final Energy|Industry|Pulp and Paper|Hydrogen
NA,PP,WND,NA,,
NA,PP,SOL,NA,,
Biomass final consumption of paper and pulp.Mtoe,PP,BMSWAS,NA,PAPERPRO,Final Energy|Industry|Pulp and Paper|Solids|Biomass
NA,PP,GEO,NA,,
NA,PP,MET,NA,,
NA,PP,ETH,NA,,
NA,PP,BGDO,BIODIESEL,PAPERPRO,
NA,PP,H2F,NA,,
Electricity final consumption of paper and pulp.Mtoe,PP,ELC,ELECTR,PAPERPRO,Final Energy|Industry|Pulp and Paper|Electricity
NA,PP,PHEVGSL,NA,,
NA,PP,PHEVGDO,NA,,
NA,PP,CHEVGSL,NA,,
NA,PP,CHEVGDO,NA,,
NA,PP,SLD,NA,,Final Energy|Industry|Pulp and Paper|Solids
NA,PP,GAS,NA,,Final Energy|Industry|Pulp and Paper|Gases
NA,PP,LQD,NA,,
NA,PP,OLQT,NA,,
NA,PP,NFF,NA,,
NA,PP,NEF,NA,,
NA,PP,HEATPUMP,NA,,
NA,FD,REN,NA,,
Coal and lignite final consumption of food and tobacco.Mtoe,FD,HCL,BITCOAL,FOODPRO,
NA,FD,LGN,LIGNITE,FOODPRO,
NA,FD,CRO,NA,,
NA,FD,LPG,LPG,FOODPRO,
NA,FD,GSL,NONBIOGASO,FOODPRO,
NA,FD,KRS,NA,,
"Diesel, heating oil final consumption of food and tobacco.Mtoe",FD,GDO,NONBIODIES,FOODPRO,
NA,FD,RFO,NA,,
NA,FD,OLQ,NA,,
Natural gas final consumption of food and tobacco.Mtoe,FD,NGS,NATGAS,FOODPRO,
NA,FD,OGS,NA,,
NA,FD,NUC,NA,,
NA,FD,STE,NA,,
NA,FD,HYD,NA,,
NA,FD,WND,NA,,
NA,FD,SOL,SOLARTH,FOODPRO,
Biomass final consumption of food and tobacco.Mtoe,FD,BMSWAS,NA,FOODPRO,
NA,FD,GEO,NA,,
NA,FD,MET,NA,,
NA,FD,ETH,NA,,
NA,FD,BGDO,BIODIESEL,FOODPRO,
NA,FD,H2F,NA,,
Electricity final consumption of food and tobacco.Mtoe,FD,ELC,ELECTR,FOODPRO,
NA,FD,PHEVGSL,NA,,
NA,FD,PHEVGDO,NA,,
NA,FD,CHEVGSL,NA,,
NA,FD,CHEVGDO,NA,,
NA,FD,SLD,NA,,
NA,FD,GAS,NA,,
NA,FD,LQD,NA,,
NA,FD,OLQT,NA,,
NA,FD,NFF,NA,,
NA,FD,NEF,NA,,
NA,FD,HEATPUMP,NA,,
NA,EN,REN,NA,,
Coal and lignite final consumption of construction.Mtoe,EN,HCL,BITCOAL,CONSTRUC,
NA,EN,LGN,LIGNITE,CONSTRUC,
Oil final consumption of construction.Mtoe,EN,CRO,NA,CONSTRUC,
NA,EN,LPG,LPG,CONSTRUC,
NA,EN,GSL,NONBIOGASO,CONSTRUC,
NA,EN,KRS,NA,,
"Diesel, heating oil final consumption of construction.Mtoe",EN,GDO,NONBIODIES,CONSTRUC,
NA,EN,RFO,NA,,
NA,EN,OLQ,NA,,
Natural gas final consumption of construction.Mtoe,EN,NGS,NATGAS,CONSTRUC,
NA,EN,OGS,NA,,
NA,EN,NUC,NA,,
NA,EN,STE,NA,,
NA,EN,HYD,NA,,
NA,EN,WND,NA,,
NA,EN,SOL,NA,,
Biomass final consumption of construction.Mtoe,EN,BMSWAS,NA,NA,
NA,EN,GEO,NA,,
NA,EN,MET,NA,,
NA,EN,ETH,NA,,
NA,EN,BGDO,BIODIESEL,CONSTRUC,
NA,EN,H2F,NA,,
Electricity final consumption of construction.Mtoe,EN,ELC,ELECTR,CONSTRUC,
NA,EN,PHEVGSL,NA,,
NA,EN,PHEVGDO,NA,,
NA,EN,CHEVGSL,NA,,
NA,EN,CHEVGDO,NA,,
NA,EN,SLD,NA,,
NA,EN,GAS,NA,,
NA,EN,LQD,NA,,
NA,EN,OLQT,NA,,
NA,EN,NFF,NA,,
NA,EN,NEF,NA,,
NA,EN,HEATPUMP,NA,,
NA,TX,REN,NA,,
Coal and lignite final consumption of textiles and leather.Mtoe,TX,HCL,BITCOAL,TEXTILES,
NA,TX,LGN,LIGNITE,TEXTILES,
NA,TX,CRO,NA,,
NA,TX,LPG,LPG,TEXTILES,
NA,TX,GSL,NONBIOGASO,TEXTILES,
NA,TX,KRS,NA,,
"Diesel, heating oil final consumption of textiles and leather.Mtoe",TX,GDO,NONBIODIES,TEXTILES,
NA,TX,RFO,NA,,
NA,TX,OLQ,NA,,
Natural gas final consumption of textiles and leather.Mtoe,TX,NGS,NATGAS,TEXTILES,
NA,TX,OGS,NA,,
NA,TX,NUC,NA,,
NA,TX,STE,NA,,
NA,TX,HYD,NA,,
NA,TX,WND,NA,,
NA,TX,SOL,NA,,
Biomass final consumption of textiles and leather.Mtoe,TX,BMSWAS,NA,TEXTILES,
NA,TX,GEO,NA,,
NA,TX,MET,NA,,
NA,TX,ETH,NA,,
NA,TX,BGDO,NA,,
NA,TX,H2F,NA,,
Electricity final consumption of textiles and leather.Mtoe,TX,ELC,ELECTR,TEXTILES,
NA,TX,PHEVGSL,NA,,
NA,TX,PHEVGDO,NA,,
NA,TX,CHEVGSL,NA,,
NA,TX,CHEVGDO,NA,,
NA,TX,SLD,NA,,
NA,TX,GAS,NA,,
NA,TX,LQD,NA,,
NA,TX,OLQT,NA,,
NA,TX,NFF,NA,,
NA,TX,NEF,NA,,
NA,TX,HEATPUMP,NA,,
NA,OE,REN,NA,,
Coal and lignite final consumption of mining.Mtoe,OE,HCL,BITCOAL,MINING,
NA,OE,LGN,LIGNITE,MINING,
NA,OE,CRO,NA,,
NA,OE,LPG,LPG,MINING,
NA,OE,GSL,NONBIOGASO,MINING,
NA,OE,KRS,NA,,
"Diesel, heating oil final consumption of mining.Mtoe",OE,GDO,NONBIODIES,MINING,
NA,OE,RFO,NA,,
NA,OE,OLQ,NA,,
Natural gas final consumption of mining.Mtoe,OE,NGS,NATGAS,MINING,
NA,OE,OGS,NA,,
NA,OE,NUC,NA,,
NA,OE,STE,NA,,
NA,OE,HYD,NA,,
NA,OE,WND,NA,,
NA,OE,SOL,NA,,
Biomass final consumption of mining.Mtoe,OE,BMSWAS,NA,NA,
NA,OE,GEO,NA,,
NA,OE,MET,NA,,
NA,OE,ETH,NA,,
NA,OE,BGDO,BIODIESEL,MINING,
NA,OE,H2F,NA,,
Electricity final consumption of mining.Mtoe,OE,ELC,ELECTR,MINING,
NA,OE,PHEVGSL,NA,,
NA,OE,PHEVGDO,NA,,
NA,OE,CHEVGSL,NA,,
NA,OE,CHEVGDO,NA,,
NA,OE,SLD,NA,,
NA,OE,GAS,NA,,
NA,OE,LQD,NA,,
NA,OE,OLQT,NA,,
NA,OE,NFF,NA,,
NA,OE,NEF,NA,,
NA,OE,HEATPUMP,NA,,
NA,OI,REN,NA,,
Coal and lignite final consumption miscellaneous industry.Mtoe,OI,HCL,NA,,Final Energy|Industry|Solids|Fossil
NA,OI,LGN,NA,,
NA,OI,CRO,NA,,Final Energy|Industry|Liquids|Fossil
NA,OI,LPG,NA,,
NA,OI,GSL,NA,,Final Energy|Industry|Liquids
NA,OI,KRS,NA,,
"Diesel, heating oil final consumption miscellaneous industry.Mtoe",OI,GDO,NA,,
NA,OI,RFO,NA,,
NA,OI,OLQ,NA,,
Natural gas final consumption of miscellaneous industry.Mtoe,OI,NGS,NA,,Final Energy|Industry|Gases|Fossil
NA,OI,OGS,NA,,
NA,OI,NUC,NA,,
NA,OI,STE,NA,,Final Energy|Industry|Heat
NA,OI,HYD,NA,,Final Energy|Industry|Hydrogen
NA,OI,WND,NA,,
NA,OI,SOL,NA,,Final Energy|Industry|Solar
Biomass final consumption miscellaneous industry.Mtoe,OI,BMSWAS,NA,,Final Energy|Industry|Solids|Biomass
NA,OI,GEO,NA,,
NA,OI,MET,NA,,
NA,OI,ETH,NA,,
NA,OI,BGDO,NA,,Final Energy|Industry|Liquids|Biomass
NA,OI,H2F,NA,,
Electricity final consumption miscellaneous industry.Mtoe,OI,ELC,NA,,Final Energy|Industry|Electricity
NA,OI,PHEVGSL,NA,,
NA,OI,PHEVGDO,NA,,
NA,OI,CHEVGSL,NA,,
NA,OI,CHEVGDO,NA,,
NA,OI,SLD,NA,,Final Energy|Industry|Solids
NA,OI,GAS,NA,,Final Energy|Industry|Gases
NA,OI,LQD,NA,,
NA,OI,OLQT,NA,,
NA,OI,NFF,NA,,
NA,OI,NEF,NA,,
NA,OI,HEATPUMP,NA,,
NA,SE,REN,NA,,
Coal final consumption of tertiary sector.Mtoe,SE,HCL,BITCOAL,COMMPUB,Final Energy|Commercial|Solids|Fossil
NA,SE,LGN,LIGNITE,COMMPUB,
NA,SE,CRO,NA,,Final Energy|Commercial|Liquids|Fossil
NA,SE,LPG,LPG,COMMPUB,
NA,SE,GSL,NONBIOGASO,COMMPUB,Final Energy|Commercial|Liquids
NA,SE,KRS,NA,,
Oil final consumption of tertiary sector.Mtoe,SE,GDO,NONBIODIES,COMMPUB,
NA,SE,RFO,NA,,
NA,SE,OLQ,NA,,
Natural gas final consumption of tertiary sector.Mtoe,SE,NGS,NATGAS,COMMPUB,Final Energy|Commercial|Gases
NA,SE,OGS,NA,NA,
NA,SE,NUC,NA,,
NA,SE,STE,NA,,Final Energy|Commercial|Heat
NA,SE,HYD,NA,,Final Energy|Commercial|Hydrogen
NA,SE,WND,NA,,
NA,SE,SOL,SOLARTH,COMMPUB,
NA,SE,BMSWAS,NA,,Final Energy|Commercial|Solids|Biomass
NA,SE,GEO,GEOTHERM,COMMPUB,
NA,SE,MET,NA,,
NA,SE,ETH,BIOGASOL,COMMPUB,
NA,SE,BGDO,BIODIESEL,COMMPUB,
NA,SE,H2F,NA,,
NA,SE,ELC,ELECTR,COMMPUB,Final Energy|Commercial|Electricity
NA,SE,PHEVGSL,NA,,
NA,SE,PHEVGDO,NA,,
NA,SE,CHEVGSL,NA,,
NA,SE,CHEVGDO,NA,,
NA,SE,SLD,NA,,Final Energy|Commercial|Solids
NA,SE,GAS,NA,,
NA,SE,LQD,NA,,
NA,SE,OLQT,NA,,
NA,SE,NFF,NA,,
NA,SE,NEF,NA,,
NA,SE,HEATPUMP,NA,,
NA,AG,REN,NA,,
Coal and lignite final consumption of agriculture.Mtoe,AG,HCL,BITCOAL,AGRICULT,
NA,AG,LGN,LIGNITE,AGRICULT,
NA,AG,CRO,NA,,
NA,AG,LPG,LPG,AGRICULT,
NA,AG,GSL,NONBIOGASO,AGRICULT,Final Energy|Agriculture|Liquids
NA,AG,KRS,NA,,
"Diesel, heating oil final consumption of agriculture.Mtoe",AG,GDO,NONBIODIES,AGRICULT,
Oil final consumption of agriculture.Mtoe,AG,RFO,NA,NA,
NA,AG,OLQ,NA,,
Natural gas final consumption of agriculture.Mtoe,AG,NGS,NATGAS,AGRICULT,Final Energy|Agriculture|Gases
NA,AG,OGS,NA,,
NA,AG,NUC,NA,,
NA,AG,STE,NA,,Final Energy|Agriculture|Heat
NA,AG,HYD,NA,,
NA,AG,WND,NA,,
NA,AG,SOL,SOLARTH,AGRICULT,
Biomass final consumption of agriculture.Mtoe,AG,BMSWAS,NA,NA,
NA,AG,GEO,GEOTHERM,AGRICULT,
NA,AG,MET,NA,,
NA,AG,ETH,BIOGASOL,AGRICULT,
NA,AG,BGDO,BIODIESEL,AGRICULT,
NA,AG,H2F,NA,,
Electricity final consumption of agriculture.Mtoe,AG,ELC,ELECTR,AGRICULT,Final Energy|Agriculture|Electricity
NA,AG,PHEVGSL,NA,,
NA,AG,PHEVGDO,NA,,
NA,AG,CHEVGSL,NA,,
NA,AG,CHEVGDO,NA,,
NA,AG,SLD,NA,,
NA,AG,GAS,NA,,
NA,AG,LQD,NA,,
NA,AG,OLQT,NA,,
NA,AG,NFF,NA,,
NA,AG,NEF,NA,,
NA,AG,HEATPUMP,NA,,
NA,HOU,REN,NA,,
NA,HOU,LGN,LIGNITE,RESIDENT,
Oil final consumption of residential sector.Mtoe,HOU,GDO,NONBIODIES,RESIDENT,
NA,HOU,CRO,NA,,Final Energy|Residential|Liquids|Fossil
NA,HOU,GSL,NONBIOGASO,RESIDENT,Final Energy|Residential|Liquids
NA,HOU,KRS,NA,,
NA,HOU,RFO,NA,,
NA,HOU,OLQ,NA,,
NA,HOU,OGS,NA,,
NA,HOU,NUC,NA,,
NA,HOU,STE,NA,,Final Energy|Residential|Heat
NA,HOU,HYD,NA,,Final Energy|Residential|Hydrogen
NA,HOU,WND,NA,,
NA,HOU,SOL,SOLARTH,RESIDENT,
NA,HOU,GEO,GEOTHERM,RESIDENT,
NA,HOU,MET,NA,,
NA,HOU,ETH,BIOGASOL,RESIDENT,
NA,HOU,BGDO,BIODIESEL,RESIDENT,
NA,HOU,H2F,NA,,
Natural gas final consumption of residential sector.Mtoe,HOU,NGS,NATGAS,RESIDENT,Final Energy|Residential|Gases|Fossil
Coal and lignite final consumption of residential sector.Mtoe,HOU,HCL,BITCOAL,RESIDENT,Final Energy|Residential|Solids|Fossil
LPG (liquified petroleum gas) final consumption of residential sector.Mtoe,HOU,LPG,LPG,RESIDENT,
NA,HOU,PHEVGSL,NA,,
NA,HOU,PHEVGDO,NA,,
NA,HOU,CHEVGSL,NA,,
NA,HOU,CHEVGDO,NA,,
Electricity final consumption of residential sector.Mtoe,HOU,ELC,ELECTR,RESIDENT,Final Energy|Residential|Electricity
Biomass final consumption of residential sector.Mtoe,HOU,BMSWAS,NA,NA,Final Energy|Residential|Solids|Biomass
NA,HOU,SLD,NA,,Final Energy|Residential|Solids
NA,HOU,GAS,NA,,Final Energy|Residential|Gases
NA,HOU,LQD,NA,,
NA,HOU,OLQT,NA,,
NA,HOU,NFF,NA,,
NA,HOU,NEF,NA,,
NA,HOU,HEATPUMP,NA,,
Motor gasoline final consumption of road transport (excl bioethanol).Mtoe,PC,GSL,NONBIOGASO,TOTTRANS,Final Energy|Transportation|Passenger|Liquids
Biodiesel consumption of road transport.Mtoe,PC,BGDO,BIODIESEL,TOTTRANS,
NA,PC,REN,NA,,
NA,PC,HCL,NA,TOTTRANS,
NA,PC,LGN,NA,,
NA,PC,CRO,NA,,
NA,PC,KRS,NA,,
Diesel final consumption of road transport (excl biodiesel).Mtoe,PC,GDO,NA,,
NA,PC,RFO,NA,,
NA,PC,OLQ,NA,,
NA,PC,OGS,NA,,
NA,PC,NUC,NA,,
NA,PC,STE,NA,,
NA,PC,HYD,NA,,Final Energy|Transportation|Passenger|Hydrogen
NA,PC,WND,NA,,
NA,PC,SOL,NA,,
NA,PC,BMSWAS,NA,,
NA,PC,GEO,NA,,
NA,PC,MET,NA,,
NA,PC,H2F,NA,,
Electricity final consumption of road transport.Mtoe,PC,ELC,NA,NA,Final Energy|Transportation|Passenger|Electricity
LPG (liquified petroleum gas) final consumption of road transport.Mtoe,PC,LPG,LPG,TOTTRANS,
Natural gas final consumption of transport.Mtoe,PC,NGS,NATGAS,TOTTRANS,Final Energy|Transportation|Passenger|Gases
Bioethanol consumption of road transport.Mtoe,PC,ETH,BIOGASOL,TOTTRANS,
NA,PC,PHEVGSL,NA,,
NA,PC,PHEVGDO,NA,,
NA,PC,CHEVGSL,NA,,
NA,PC,CHEVGDO,NA,,
NA,PC,SLD,NA,,
NA,PC,GAS,NA,,
NA,PC,LQD,NA,,
NA,PC,OLQT,NA,,
NA,PC,NFF,NA,,
NA,PC,NEF,NA,,
NA,PC,HEATPUMP,NA,,
Motor gasoline final consumption of road transport (excl bioethanol).Mtoe,PB,GSL,NONBIOGASO,TOTTRANS,Final Energy|Transportation|Passenger|Liquids
Biodiesel consumption of road transport.Mtoe,PB,BGDO,BIODIESEL,TOTTRANS,
NA,PB,REN,NA,,
NA,PB,HCL,NA,TOTTRANS,
NA,PB,LGN,NA,,
NA,PB,CRO,NA,,
NA,PB,KRS,NA,,
Diesel final consumption of road transport (excl biodiesel).Mtoe,PB,GDO,NA,,
NA,PB,RFO,NA,,
NA,PB,OLQ,NA,,
NA,PB,OGS,NA,,
NA,PB,NUC,NA,,
NA,PB,STE,NA,,
NA,PB,HYD,NA,,Final Energy|Transportation|Passenger|Hydrogen
NA,PB,WND,NA,,
NA,PB,SOL,NA,,
NA,PB,BMSWAS,NA,,
NA,PB,GEO,NA,,
NA,PB,MET,NA,,
NA,PB,H2F,NA,,
Electricity final consumption of road transport.Mtoe,PB,ELC,NA,NA,Final Energy|Transportation|Passenger|Electricity
LPG (liquified petroleum gas) final consumption of road transport.Mtoe,PB,LPG,LPG,TOTTRANS,
Natural gas final consumption of transport.Mtoe,PB,NGS,NATGAS,TOTTRANS,Final Energy|Transportation|Passenger|Gases
Bioethanol consumption of road transport.Mtoe,PB,ETH,BIOGASOL,TOTTRANS,
NA,PB,PHEVGSL,NA,,
NA,PB,PHEVGDO,NA,,
NA,PB,CHEVGSL,NA,,
NA,PB,CHEVGDO,NA,,
NA,PB,SLD,NA,,
NA,PB,GAS,NA,,
NA,PB,LQD,NA,,
NA,PB,OLQT,NA,,
NA,PB,NFF,NA,,
NA,PB,NEF,NA,,
NA,PB,HEATPUMP,NA,,
Diesel final consumption of rail transport.Mtoe,PT,GDO,NA,NA,
NA,PT,REN,NA,,
Electricity final consumption of rail transport.Mtoe,PT,ELC,NA,NA,Final Energy|Transportation|Rail|Electricity
NA,PT,HCL,NA,,
NA,PT,LGN,NA,,
NA,PT,CRO,NA,,
NA,PT,LPG,NA,,
NA,PT,GSL,NA,,Final Energy|Transportation|Rail|Liquids
NA,PT,KRS,NA,,
NA,PT,RFO,NA,,
NA,PT,OLQ,NA,,
NA,PT,NGS,NA,,Final Energy|Transportation|Rail|Gases|Fossil
NA,PT,OGS,NA,,
NA,PT,NUC,NA,,
NA,PT,STE,NA,,
NA,PT,HYD,NA,,Final Energy|Transportation|Rail|Hydrogen
NA,PT,WND,NA,,
NA,PT,SOL,NA,,
NA,PT,BMSWAS,NA,,
NA,PT,GEO,NA,,
NA,PT,MET,NA,,
NA,PT,ETH,NA,,
NA,PT,BGDO,NA,,
NA,PT,H2F,NA,,
NA,PT,PHEVGSL,NA,,
NA,PT,PHEVGDO,NA,,
NA,PT,CHEVGSL,NA,,
NA,PT,CHEVGDO,NA,,
NA,PT,SLD,NA,,
NA,PT,GAS,NA,,Final Energy|Transportation|Rail|Gases
NA,PT,LQD,NA,,
NA,PT,OLQT,NA,,
NA,PT,NFF,NA,,
NA,PT,NEF,NA,,
NA,PT,HEATPUMP,NA,,
NA,PA,REN,NA,,
NA,PA,HCL,NA,,
NA,PA,LGN,NA,,
NA,PA,CRO,NA,,
NA,PA,LPG,NA,,
NA,PA,GSL,NA,,
Kerosene final consumption.Mtoe,PA,KRS,NONBIOJETK,TOTTRANS,Final Energy|Transportation|Domestic Aviation|Liquids
NA,PA,GDO,NA,,
NA,PA,RFO,NA,,
NA,PA,OLQ,NA,,
NA,PA,NGS,NA,,
NA,PA,OGS,NA,,
NA,PA,NUC,NA,,
NA,PA,STE,NA,,
NA,PA,HYD,NA,,Final Energy|Transportation|Domestic Aviation|Hydrogen
NA,PA,WND,NA,,
NA,PA,SOL,NA,,
NA,PA,BMSWAS,NA,,
NA,PA,GEO,NA,,
NA,PA,MET,NA,,
NA,PA,ETH,NA,,
NA,PA,BGDO,NA,,
NA,PA,H2F,NA,,
NA,PA,ELC,NA,,Final Energy|Transportation|Domestic Aviation|Electricity
NA,PA,PHEVGSL,NA,,
NA,PA,PHEVGDO,NA,,
NA,PA,CHEVGSL,NA,,
NA,PA,CHEVGDO,NA,,
NA,PA,SLD,NA,,
NA,PA,GAS,NA,,
NA,PA,LQD,NA,,
NA,PA,OLQT,NA,,
NA,PA,NFF,NA,,
NA,PA,NEF,NA,,
NA,PA,HEATPUMP,NA,,
NA,GU,REN,NA,,
NA,GU,HCL,NA,TOTTRANS,
NA,GU,LGN,NA,,
NA,GU,CRO,NA,,Final Energy|Transportation|Truck|Liquids|Fossil
NA,GU,LPG,NA,,
NA,GU,GSL,NA,,Final Energy|Transportation|Truck|Liquids
Diesel final consumption of road transport (excl biodiesel).Mtoe,GU,GDO,NONBIODIES,TOTTRANS,
NA,GU,NGS,NATGAS,TOTTRANS,Final Energy|Transportation|Truck|Gases
NA,GU,BGDO,BIODIESEL,TOTTRANS,Final Energy|Transportation|Truck|Liquids|Biomass
NA,GU,ELC,NA,NA,Final Energy|Transportation|Truck|Electricity
NA,GU,KRS,NA,,
NA,GU,RFO,NA,,
NA,GU,OLQ,NA,,
NA,GU,OGS,NA,,
NA,GU,NUC,NA,,
NA,GU,STE,NA,,
NA,GU,HYD,NA,,Final Energy|Transportation|Truck|Hydrogen
NA,GU,WND,NA,,
NA,GU,SOL,NA,,
NA,GU,BMSWAS,NA,,
NA,GU,GEO,NA,,
NA,GU,MET,NA,,
NA,GU,ETH,NA,,
NA,GU,H2F,NA,,
NA,GU,PHEVGSL,NA,,
NA,GU,PHEVGDO,NA,,
NA,GU,CHEVGSL,NA,,
NA,GU,CHEVGDO,NA,,
NA,GU,SLD,NA,,
NA,GU,GAS,NA,,
NA,GU,LQD,NA,,
NA,GU,OLQT,NA,,
NA,GU,NFF,NA,,
NA,GU,NEF,NA,,
NA,GU,HEATPUMP,NA,,
NA,GT,REN,NA,,
NA,GT,HCL,NA,,
NA,GT,LGN,NA,,
NA,GT,CRO,NA,,
NA,GT,LPG,NA,,
NA,GT,GSL,NA,,Final Energy|Transportation|Rail|Liquids
NA,GT,KRS,NA,,
NA,GT,RFO,NA,,
NA,GT,OLQ,NA,,
NA,GT,NGS,NA,,Final Energy|Transportation|Rail|Gases|Fossil
NA,GT,OGS,NA,,
NA,GT,NUC,NA,,
NA,GT,STE,NA,,
NA,GT,HYD,NA,,Final Energy|Transportation|Rail|Hydrogen
NA,GT,WND,NA,,
NA,GT,SOL,NA,,
NA,GT,BMSWAS,NA,,
NA,GT,GEO,NA,,
NA,GT,MET,NA,,
NA,GT,ETH,NA,,
NA,GT,BGDO,NA,,
NA,GT,H2F,NA,,
Diesel final consumption of rail transport.Mtoe,GT,GDO,NA,NA,
Electricity final consumption of rail transport.Mtoe,GT,ELC,NA,NA,Final Energy|Transportation|Rail|Electricity
NA,GT,PHEVGSL,NA,,
NA,GT,PHEVGDO,NA,,
NA,GT,CHEVGSL,NA,,
NA,GT,CHEVGDO,NA,,
NA,GT,SLD,NA,,
NA,GT,GAS,NA,,Final Energy|Transportation|Rail|Gases
NA,GT,LQD,NA,,
NA,GT,OLQT,NA,,
NA,GT,NFF,NA,,
NA,GT,NEF,NA,,
NA,GT,HEATPUMP,NA,,
Coal and lignite final consumption of internal navigation.Mtoe,GN,HCL,BITCOAL,TOTTRANS,
Diesel final consumption of navigation.Mtoe,GN,GDO,NA,NA,
NA,GN,REN,NA,,
NA,GN,LGN,NA,,
NA,GN,CRO,NA,,Final Energy|Transportation|Freight|Liquids|Fossil
NA,GN,LPG,NA,,
NA,GN,GSL,NA,,Final Energy|Transportation|Freight|Liquids
NA,GN,KRS,NA,,
NA,GN,RFO,NA,,
NA,GN,OLQ,NA,,
NA,GN,NGS,NA,,
NA,GN,OGS,NA,,
NA,GN,NUC,NA,,
NA,GN,STE,NA,,
NA,GN,HYD,NA,,Final Energy|Transportation|Freight|Hydrogen
NA,GN,WND,NA,,
NA,GN,SOL,NA,,
NA,GN,BMSWAS,NA,,
NA,GN,GEO,NA,,
NA,GN,MET,NA,,
NA,GN,ETH,NA,,
NA,GN,BGDO,NA,,Final Energy|Transportation|Freight|Liquids|Biomass
NA,GN,H2F,NA,,
NA,GN,ELC,NA,,Final Energy|Transportation|Freight|Electricity
NA,GN,PHEVGSL,NA,,
NA,GN,PHEVGDO,NA,,
NA,GN,CHEVGSL,NA,,
NA,GN,CHEVGDO,NA,,
NA,GN,SLD,NA,,
NA,GN,GAS,NA,,Final Energy|Transportation|Freight|Gases
NA,GN,LQD,NA,,
NA,GN,OLQT,NA,,
NA,GN,NFF,NA,,
NA,GN,NEF,NA,,
NA,GN,HEATPUMP,NA,,
NA,BU,REN,NA,,
NA,BU,HCL,NA,,
NA,BU,LGN,NA,,
Heavy fuel oil consumption for marine bunkers.Mt,BU,CRO,NA,NA,
NA,BU,LPG,NA,,
NA,BU,GSL,NONBIOGASO,MARBUNK,Final Energy|Bunkers|Liquids
NA,BU,KRS,NA,,
"Diesel, heating oil consumption for marine bunkers.Mt",BU,GDO,NONBIODIES,MARBUNK,
NA,BU,RFO,NA,,
NA,BU,OLQ,NA,,
NA,BU,NGS,NATGAS,MARBUNK,Final Energy|Bunkers|Gases
NA,BU,OGS,NA,,
NA,BU,NUC,NA,,
NA,BU,STE,NA,,
NA,BU,HYD,NA,,Final Energy|Bunkers|Hydrogen
NA,BU,WND,NA,,
NA,BU,SOL,NA,,
NA,BU,BMSWAS,NA,,
NA,BU,GEO,NA,,
NA,BU,MET,NA,,
NA,BU,ETH,NA,,
NA,BU,BGDO,BIODIESEL,MARBUNK,
NA,BU,H2F,NA,,
NA,BU,ELC,NA,,Final Energy|Bunkers|Electricity
NA,BU,PHEVGSL,NA,,
NA,BU,PHEVGDO,NA,,
NA,BU,CHEVGSL,NA,,
NA,BU,CHEVGDO,NA,,
NA,BU,SLD,NA,,
NA,BU,GAS,NA,,
NA,BU,LQD,NA,,
NA,BU,OLQT,NA,,
NA,BU,NFF,NA,,
NA,BU,NEF,NA,,
NA,BU,HEATPUMP,NA,,
NA,NEN,REN,NA,,
Coal final consumption of non energy uses.Mtoe,NEN,HCL,BITCOAL,NONENUSE,Final Energy|Non-Energy Use|Solids|Coal
NA,NEN,LGN,LIGNITE,NONENUSE,
Oil final consumption of non energy uses.Mtoe,NEN,CRO,NA,NA,Final Energy|Non-Energy Use|Liquids|Fossil
LPG final consumption of non energy uses.Mtoe,NEN,LPG,LPG,NONENUSE,
NA,NEN,GSL,NONBIOGASO,NONENUSE,Final Energy|Non-Energy Use|Liquids
NA,NEN,KRS,NA,,
NA,NEN,GDO,NONBIODIES,NONENUSE,
NA,NEN,RFO,NA,,
NA,NEN,OLQ,NA,,
Natural gas final consumption of non energy uses.Mtoe,NEN,NGS,NATGAS,NONENUSE,Final Energy|Non-Energy Use|Gases|Fossil
NA,NEN,OGS,COKEOVGS,NONENUSE,
NA,NEN,NUC,NA,,
NA,NEN,STE,NA,,
NA,NEN,HYD,NA,,Final Energy|Non-Energy Use|Hydrogen
NA,NEN,WND,NA,,
NA,NEN,SOL,NA,,
NA,NEN,BMSWAS,NA,,Final Energy|Non-Energy Use|Solids|Biomass
NA,NEN,GEO,NA,,
NA,NEN,MET,NA,,
NA,NEN,ETH,NA,,
NA,NEN,BGDO,NA,,
NA,NEN,H2F,NA,,
NA,NEN,ELC,NA,,
NA,NEN,PHEVGSL,NA,,
NA,NEN,PHEVGDO,NA,,
NA,NEN,CHEVGSL,NA,,
NA,NEN,CHEVGDO,NA,,
NA,NEN,SLD,NA,,Final Energy|Non-Energy Use|Solids
NA,NEN,GAS,NA,,Final Energy|Non-Energy Use|Gases
NA,NEN,LQD,NA,,
NA,NEN,OLQT,NA,,
NA,NEN,NFF,NA,,
NA,NEN,NEF,NA,,
NA,NEN,HEATPUMP,NA,,
NA,PG,REN,NA,,
NA,PG,HCL,NA,,
NA,PG,LGN,NA,,
NA,PG,CRO,NA,,
NA,PG,LPG,NA,,
NA,PG,GSL,NA,,
NA,PG,KRS,NA,,
NA,PG,GDO,NA,,
NA,PG,RFO,NA,,
NA,PG,OLQ,NA,,
NA,PG,NGS,NA,,
NA,PG,OGS,NA,,
NA,PG,NUC,NA,,
NA,PG,STE,NA,,
NA,PG,HYD,NA,,
NA,PG,WND,NA,,
NA,PG,SOL,NA,,
NA,PG,BMSWAS,NA,,
NA,PG,GEO,NA,,
NA,PG,MET,NA,,
NA,PG,ETH,NA,,
NA,PG,BGDO,NA,,
NA,PG,H2F,NA,,
NA,PG,ELC,NA,,
NA,PG,PHEVGSL,NA,,
NA,PG,PHEVGDO,NA,,
NA,PG,CHEVGSL,NA,,
NA,PG,CHEVGDO,NA,,
NA,PG,SLD,NA,,
NA,PG,GAS,NA,,
NA,PG,LQD,NA,,
NA,PG,OLQT,NA,,
NA,PG,NFF,NA,,
NA,PG,NEF,NA,,
NA,PG,HEATPUMP,NA,,
NA,H2P,REN,NA,,
NA,H2P,HCL,NA,,
NA,H2P,LGN,NA,,
NA,H2P,CRO,NA,,
NA,H2P,LPG,NA,,
NA,H2P,GSL,NA,,
NA,H2P,KRS,NA,,
NA,H2P,GDO,NA,,
NA,H2P,RFO,NA,,
NA,H2P,OLQ,NA,,
NA,H2P,NGS,NA,,
NA,H2P,OGS,NA,,
NA,H2P,NUC,NA,,
NA,H2P,STE,NA,,
NA,H2P,HYD,NA,,
NA,H2P,WND,NA,,
NA,H2P,SOL,NA,,
NA,H2P,BMSWAS,NA,,
NA,H2P,GEO,NA,,
NA,H2P,MET,NA,,
NA,H2P,ETH,NA,,
NA,H2P,BGDO,NA,,
NA,H2P,H2F,NA,,
NA,H2P,ELC,NA,,
NA,H2P,PHEVGSL,NA,,
NA,H2P,PHEVGDO,NA,,
NA,H2P,CHEVGSL,NA,,
NA,H2P,CHEVGDO,NA,,
NA,H2P,SLD,NA,,
NA,H2P,GAS,NA,,
NA,H2P,LQD,NA,,
NA,H2P,OLQT,NA,,
NA,H2P,NFF,NA,,
NA,H2P,NEF,NA,,
NA,H2P,HEATPUMP,NA,,
NA,H2INFR,REN,NA,,
NA,H2INFR,HCL,NA,,
NA,H2INFR,LGN,NA,,
NA,H2INFR,CRO,NA,,
NA,H2INFR,LPG,NA,,
NA,H2INFR,GSL,NA,,
NA,H2INFR,KRS,NA,,
NA,H2INFR,GDO,NA,,
NA,H2INFR,RFO,NA,,
NA,H2INFR,OLQ,NA,,
NA,H2INFR,NGS,NA,,
NA,H2INFR,OGS,NA,,
NA,H2INFR,NUC,NA,,
NA,H2INFR,STE,NA,,
NA,H2INFR,HYD,NA,,
NA,H2INFR,WND,NA,,
NA,H2INFR,SOL,NA,,
NA,H2INFR,BMSWAS,NA,,
NA,H2INFR,GEO,NA,,
NA,H2INFR,MET,NA,,
NA,H2INFR,ETH,NA,,
NA,H2INFR,BGDO,NA,,
NA,H2INFR,H2F,NA,,
NA,H2INFR,ELC,NA,,
NA,H2INFR,PHEVGSL,NA,,
NA,H2INFR,PHEVGDO,NA,,
NA,H2INFR,CHEVGSL,NA,,
NA,H2INFR,CHEVGDO,NA,,
NA,H2INFR,SLD,NA,,
NA,H2INFR,GAS,NA,,
NA,H2INFR,LQD,NA,,
NA,H2INFR,OLQT,NA,,
NA,H2INFR,NFF,NA,,
NA,H2INFR,NEF,NA,,
NA,H2INFR,HEATPUMP,NA,,
