ENERDATA,SBS,EF,IEA,flow,Navigate,
NA,PCH,REN,NA,,,
NA,PCH,HCL,BITCOAL,NECHEM,FinalEnergy|Industry|Chemicals|Solids|Coal,
NA,PCH,LGN,NA,,,
Oil final consumption of chemical feedstock.Mtoe,PCH,CRO,NA,NECHEM,FinalEnergy|Industry|Chemicals|Liquids|Fossil,
LPG (liquified petroleum gas) final consumption of chemical feedstock.Mtoe,PCH,LPG,LPG,NECHEM,,
NA,PCH,GSL,NONBIOGASO,NECHEM,,
NA,PCH,KRS,NA,,,
"Diesel, heating oil final consumption of chemical feedstock.Mtoe",PCH,GDO,NONBIODIES,NECHEM,,
NA,PCH,RFO,NA,,,
NA,PCH,OLQ,NA,,,
Natural gas final consumption of chemical feedstock.Mtoe,PCH,NGS,NATGAS,NECHEM,,
NA,PCH,OGS,NA,,,
NA,PCH,NUC,NA,,,
NA,PCH,STE,NA,,,
NA,PCH,HYD,NA,,FinalEnergy|Industry|Chemicals|Hydrogen,
NA,PCH,WND,NA,,,
NA,PCH,SOL,NA,,FinalEnergy|Industry|Chemicals|Solar,
NA,PCH,BMSWAS,NA,,FinalEnergy|Industry|Chemicals|Solids|Biomass,
NA,PCH,GEO,NA,,,
NA,PCH,MET,NA,,,
NA,PCH,ETH,NA,,,
NA,PCH,BGDO,NA,,,
NA,PCH,H2F,NA,,,
NA,PCH,ELC,NA,,FinalEnergy|Industry|Chemicals|Electricity,
NA,PCH,STE1AL,NA,,,
NA,PCH,STE1AH,NA,,,
NA,PCH,STE1AD,NA,,,
NA,PCH,STE1AR,NA,,,
NA,PCH,STE1AG,NA,,,
NA,PCH,STE1AB,NA,,,
NA,PCH,STE1AH2F,NA,,,
NA,PCH,STE2LGN,NA,,,
NA,PCH,STE2OSL,NA,,,
NA,PCH,STE2GDO,NA,,,
NA,PCH,STE2RFO,NA,,,
NA,PCH,STE2OLQ,NA,,,
NA,PCH,STE2NGS,NA,,,
NA,PCH,STE2OGS,NA,,,
NA,PCH,STE2BMS,NA,,,
NA,PCH,PHEVGSL,NA,,,
NA,PCH,PHEVGDO,NA,,,
NA,PCH,CHEVGSL,NA,,,
NA,PCH,CHEVGDO,NA,,,
NA,PCH,SLD,NA,,FinalEnergy|Industry|Chemicals|Solids,
NA,PCH,GAS,NA,,FinalEnergy|Industry|Chemicals|Gases,
NA,PCH,LQD,NA,,FinalEnergy|Industry|Chemicals|Liquids,
NA,PCH,OLQT,NA,,,
NA,PCH,NFF,NA,,,
NA,PCH,NEF,NA,,,
NA,PCH,HEATPUMP,NA,,,
NA,IS,REN,NA,,,
Coal and lignite final consumption of steel industry.Mtoe,IS,HCL,BITCOAL,IRONSTL,FinalEnergy|Industry|Iron마ndSteel|Solids|Coal,
NA,IS,LGN,LIGNITE,IRONSTL,,
NA,IS,CRO,NA,,FinalEnergy|Industry|Iron마ndSteel|Liquids|Fossil,
NA,IS,LPG,LPG,IRONSTL,,
NA,IS,GSL,NONBIOGASO,IRONSTL,,
NA,IS,KRS,NA,,,
"Diesel, heating oil final consumption of steel industry.Mtoe",IS,GDO,NONBIODIES,IRONSTL,,
NA,IS,RFO,NA,,,
NA,IS,OLQ,NA,,,
Natural gas final consumption of steel industry.Mtoe,IS,NGS,NATGAS,IRONSTL,FinalEnergy|Industry|Iron마ndSteel|Gases|Fossil,
Coke oven gas final consumption of steel industry.Mtoe,IS,OGS,COKEOVGS,IRONSTL,,
NA,IS,NUC,NA,,,
NA,IS,STE,NA,,,
NA,IS,HYD,NA,,FinalEnergy|Industry|Iron마ndSteel|Hydrogen,
NA,IS,WND,NA,,,
NA,IS,SOL,NA,,,
Biomass final consumption of steel industry.Mtoe,IS,BMSWAS,NA,IRONSTL,FinalEnergy|Industry|Iron마ndSteel|Solids|Biomass,
NA,IS,GEO,NA,,,
NA,IS,MET,NA,,,
NA,IS,ETH,NA,,,
NA,IS,BGDO,BIODIESEL,IRONSTL,,
NA,IS,H2F,NA,,,
Electricity final consumption of steel industry.Mtoe,IS,ELC,ELECTR,IRONSTL,FinalEnergy|Industry|Iron마ndSteel|Electricity,
NA,IS,STE1AL,NA,,,
NA,IS,STE1AH,NA,,,
NA,IS,STE1AD,NA,,,
NA,IS,STE1AR,NA,,,
NA,IS,STE1AG,NA,,,
NA,IS,STE1AB,NA,,,
NA,IS,STE1AH2F,NA,,,
NA,IS,STE2LGN,NA,,,
NA,IS,STE2OSL,NA,,,
NA,IS,STE2GDO,NA,,,
NA,IS,STE2RFO,NA,,,
NA,IS,STE2OLQ,NA,,,
NA,IS,STE2NGS,NA,,,
NA,IS,STE2OGS,NA,,,
NA,IS,STE2BMS,NA,,,
NA,IS,PHEVGSL,NA,,,
NA,IS,PHEVGDO,NA,,,
NA,IS,CHEVGSL,NA,,,
NA,IS,CHEVGDO,NA,,,
NA,IS,SLD,NA,,FinalEnergy|Industry|Iron마ndSteel|Solids,
NA,IS,GAS,NA,,FinalEnergy|Industry|Iron마ndSteel|Gases,
NA,IS,LQD,NA,,FinalEnergy|Industry|Iron마ndSteel|Liquids,
NA,IS,OLQT,NA,,,
NA,IS,NFF,NA,,,
NA,IS,NEF,NA,,,
NA,IS,HEATPUMP,NA,,,
NA,NF,REN,NA,,,
Coal and lignite final consumption of non ferrous metals.Mtoe,NF,HCL,BITCOAL,NONFERR,FinalEnergy|Industry|Non-FerrousMetals|Solids|Coal,
NA,NF,LGN,LIGNITE,NONFERR,,
NA,NF,CRO,NA,,FinalEnergy|Industry|Non-FerrousMetals|Liquids|Fossil,
NA,NF,LPG,LPG,NONFERR,,
NA,NF,GSL,NONBIOGASO,NONFERR,,
NA,NF,KRS,NA,,,
"Diesel, heating oil final consumption of non ferrous metals.Mtoe",NF,GDO,NONBIODIES,NONFERR,,
NA,NF,RFO,NA,,,
NA,NF,OLQ,NA,,,
Natural gas final consumption of non ferrous metals.Mtoe,NF,NGS,NATGAS,NONFERR,,
NA,NF,OGS,NA,,,
NA,NF,NUC,NA,,,
NA,NF,STE,NA,,,
NA,NF,HYD,NA,,FinalEnergy|Industry|Non-FerrousMetals|Hydrogen,
NA,NF,WND,NA,,,
NA,NF,SOL,NA,,FinalEnergy|Industry|Non-FerrousMetals|Solar,
Biomass final consumption of non ferrous metals.Mtoe,NF,BMSWAS,NA,,FinalEnergy|Industry|Non-FerrousMetals|Solids|Biomass,
NA,NF,GEO,NA,,,
NA,NF,MET,NA,,,
NA,NF,ETH,NA,,,
NA,NF,BGDO,BIODIESEL,NONFERR,,
NA,NF,H2F,NA,,,
Electricity final consumption of non ferrous metals.Mtoe,NF,ELC,ELECTR,NONFERR,FinalEnergy|Industry|Non-FerrousMetals|Electricity,
NA,NF,STE1AL,NA,,,
NA,NF,STE1AH,NA,,,
NA,NF,STE1AD,NA,,,
NA,NF,STE1AR,NA,,,
NA,NF,STE1AG,NA,,,
NA,NF,STE1AB,NA,,,
NA,NF,STE1AH2F,NA,,,
NA,NF,STE2LGN,NA,,,
NA,NF,STE2OSL,NA,,,
NA,NF,STE2GDO,NA,,,
NA,NF,STE2RFO,NA,,,
NA,NF,STE2OLQ,NA,,,
NA,NF,STE2NGS,NA,,,
NA,NF,STE2OGS,NA,,,
NA,NF,STE2BMS,NA,,,
NA,NF,PHEVGSL,NA,,,
NA,NF,PHEVGDO,NA,,,
NA,NF,CHEVGSL,NA,,,
NA,NF,CHEVGDO,NA,,,
NA,NF,SLD,NA,,FinalEnergy|Industry|Non-FerrousMetals|Solids,
NA,NF,GAS,NA,,FinalEnergy|Industry|Non-FerrousMetals|Gases,
NA,NF,LQD,NA,,FinalEnergy|Industry|Non-FerrousMetals|Liquids,
NA,NF,OLQT,NA,,,
NA,NF,NFF,NA,,,
NA,NF,NEF,NA,,,
NA,NF,HEATPUMP,NA,,,
NA,CH,REN,NA,,,
Coal and lignite final consumption of chemical industry.Mtoe,CH,HCL,BITCOAL,CHEMICAL,FinalEnergy|Industry|Chemicals|Solids|Coal,
NA,CH,LGN,LIGNITE,CHEMICAL,,
NA,CH,CRO,NA,,FinalEnergy|Industry|Chemicals|Liquids|Fossil,
NA,CH,LPG,LPG,CHEMICAL,,
NA,CH,GSL,NONBIOGASO,CHEMICAL,,
NA,CH,KRS,NA,,,
"Diesel, heating oil final consumption of chemical industry.Mtoe",CH,GDO,NONBIODIES,CHEMICAL,,
NA,CH,RFO,NA,,,
NA,CH,OLQ,NA,,,
Natural gas final consumption of chemical industry.Mtoe,CH,NGS,NATGAS,CHEMICAL,FinalEnergy|Industry|Chemicals|Gases|Fossil,
NA,CH,OGS,COKEOVGS,CHEMICAL,,
NA,CH,NUC,NA,,,
NA,CH,STE,NA,,,
NA,CH,HYD,NA,,FinalEnergy|Industry|Chemicals|Hydrogen,
NA,CH,WND,NA,,,
NA,CH,SOL,NA,,FinalEnergy|Industry|Chemicals|Solar,
Biomass final consumption of chemical industry.Mtoe,CH,BMSWAS,NA,CHEMICAL,FinalEnergy|Industry|Chemicals|Solids|Biomass,
NA,CH,GEO,NA,,,
NA,CH,MET,NA,,,
NA,CH,ETH,NA,,,
NA,CH,BGDO,BIODIESEL,CHEMICAL,,
NA,CH,H2F,NA,,,
Electricity final consumption of chemical industry.Mtoe,CH,ELC,ELECTR,CHEMICAL,FinalEnergy|Industry|Chemicals|Electricity,
NA,CH,STE1AL,NA,,,
NA,CH,STE1AH,NA,,,
NA,CH,STE1AD,NA,,,
NA,CH,STE1AR,NA,,,
NA,CH,STE1AG,NA,,,
NA,CH,STE1AB,NA,,,
NA,CH,STE1AH2F,NA,,,
NA,CH,STE2LGN,NA,,,
NA,CH,STE2OSL,NA,,,
NA,CH,STE2GDO,NA,,,
NA,CH,STE2RFO,NA,,,
NA,CH,STE2OLQ,NA,,,
NA,CH,STE2NGS,NA,,,
NA,CH,STE2OGS,NA,,,
NA,CH,STE2BMS,NA,,,
NA,CH,PHEVGSL,NA,,,
NA,CH,PHEVGDO,NA,,,
NA,CH,CHEVGSL,NA,,,
NA,CH,CHEVGDO,NA,,,
NA,CH,SLD,NA,,FinalEnergy|Industry|Chemicals|Solids,
NA,CH,GAS,NA,,FinalEnergy|Industry|Chemicals|Gases,
NA,CH,LQD,NA,,FinalEnergy|Industry|Chemicals|Liquids,
NA,CH,OLQT,NA,,,
NA,CH,NFF,NA,,,
NA,CH,NEF,NA,,,
NA,CH,HEATPUMP,NA,,,
NA,BM,REN,NA,,,
Coal and lignite final consumption of non-metallic minerals.Mtoe,BM,HCL,BITCOAL,NONMET,FinalEnergy|Industry|Non-MetallicMinerals|Solids|Coal,
NA,BM,LGN,LIGNITE,NONMET,,
NA,BM,CRO,NA,,FinalEnergy|Industry|Non-MetallicMinerals|Liquids|Fossil,
NA,BM,LPG,LPG,NONMET,,
NA,BM,GSL,NONBIOGASO,NONMET,,
NA,BM,KRS,NA,,,
"Diesel, heating oil final consumption of non-metallic minerals.Mtoe",BM,GDO,NONBIODIES,NONMET,,
NA,BM,RFO,NA,,,
NA,BM,OLQ,NA,,,
Natural gas final consumption of non-metallic minerals.Mtoe,BM,NGS,NATGAS,NONMET,FinalEnergy|Industry|Non-MetallicMinerals|Gases|Fossil,
NA,BM,OGS,COKEOVGS,NONMET,,
NA,BM,NUC,NA,,,
NA,BM,STE,NA,,,
NA,BM,HYD,NA,,FinalEnergy|Industry|Non-MetallicMinerals|Hydrogen,
NA,BM,WND,NA,,,
NA,BM,SOL,NA,,FinalEnergy|Industry|Non-MetallicMinerals|Solar,
Biomass final consumption of non-metallic minerals.Mtoe,BM,BMSWAS,NA,NONMET,FinalEnergy|Industry|Non-MetallicMinerals|Solids|Biomass,
NA,BM,GEO,NA,,,
NA,BM,MET,NA,,,
NA,BM,ETH,NA,,,
NA,BM,BGDO,BIODIESEL,NONMET,,
NA,BM,H2F,NA,,,
Electricity final consumption of non-metallic minerals.Mtoe,BM,ELC,ELECTR,NONMET,FinalEnergy|Industry|Non-MetallicMinerals|Electricity,
NA,BM,STE1AL,NA,,,
NA,BM,STE1AH,NA,,,
NA,BM,STE1AD,NA,,,
NA,BM,STE1AR,NA,,,
NA,BM,STE1AG,NA,,,
NA,BM,STE1AB,NA,,,
NA,BM,STE1AH2F,NA,,,
NA,BM,STE2LGN,NA,,,
NA,BM,STE2OSL,NA,,,
NA,BM,STE2GDO,NA,,,
NA,BM,STE2RFO,NA,,,
NA,BM,STE2OLQ,NA,,,
NA,BM,STE2NGS,NA,,,
NA,BM,STE2OGS,NA,,,
NA,BM,STE2BMS,NA,,,
NA,BM,PHEVGSL,NA,,,
NA,BM,PHEVGDO,NA,,,
NA,BM,CHEVGSL,NA,,,
NA,BM,CHEVGDO,NA,,,
NA,BM,SLD,NA,,FinalEnergy|Industry|Non-MetallicMinerals|Solids,
NA,BM,GAS,NA,,FinalEnergy|Industry|Non-MetallicMinerals|Gases,
NA,BM,LQD,NA,,FinalEnergy|Industry|Non-MetallicMinerals|Liquids,
NA,BM,OLQT,NA,,,
NA,BM,NFF,NA,,,
NA,BM,NEF,NA,,,
NA,BM,HEATPUMP,NA,,,
NA,PP,REN,NA,,,
Coal and lignite final consumption of paper and pulp.Mtoe,PP,HCL,BITCOAL,PAPERPRO,FinalEnergy|Industry|Pulp마ndPaper|Solids|Coal,
NA,PP,LGN,LIGNITE,PAPERPRO,,
NA,PP,CRO,NA,,FinalEnergy|Industry|Pulp마ndPaper|Liquids|Fossil,
NA,PP,LPG,LPG,PAPERPRO,,
NA,PP,GSL,NONBIOGASO,PAPERPRO,,
NA,PP,KRS,NA,,,
"Diesel, heating oil final consumption of paper and pulp.Mtoe",PP,GDO,NONBIODIES,PAPERPRO,,
NA,PP,RFO,NA,,,
NA,PP,OLQ,NA,,,
Natural gas final consumption of paper and pulp.Mtoe,PP,NGS,NATGAS,PAPERPRO,FinalEnergy|Industry|Pulp마ndPaper|Gases|Fossil,
NA,PP,OGS,NA,NA,,
NA,PP,NUC,NA,,,
NA,PP,STE,NA,,,
NA,PP,HYD,NA,,FinalEnergy|Industry|Pulp마ndPaper|Hydrogen,
NA,PP,WND,NA,,,
NA,PP,SOL,NA,,,
Biomass final consumption of paper and pulp.Mtoe,PP,BMSWAS,NA,PAPERPRO,FinalEnergy|Industry|Pulp마ndPaper|Solids|Biomass,
NA,PP,GEO,NA,,,
NA,PP,MET,NA,,,
NA,PP,ETH,NA,,,
NA,PP,BGDO,BIODIESEL,PAPERPRO,,
NA,PP,H2F,NA,,,
Electricity final consumption of paper and pulp.Mtoe,PP,ELC,ELECTR,PAPERPRO,FinalEnergy|Industry|Pulp마ndPaper|Electricity,
NA,PP,STE1AL,NA,,,
NA,PP,STE1AH,NA,,,
NA,PP,STE1AD,NA,,,
NA,PP,STE1AR,NA,,,
NA,PP,STE1AG,NA,,,
NA,PP,STE1AB,NA,,,
NA,PP,STE1AH2F,NA,,,
NA,PP,STE2LGN,NA,,,
NA,PP,STE2OSL,NA,,,
NA,PP,STE2GDO,NA,,,
NA,PP,STE2RFO,NA,,,
NA,PP,STE2OLQ,NA,,,
NA,PP,STE2NGS,NA,,,
NA,PP,STE2OGS,NA,,,
NA,PP,STE2BMS,NA,,,
NA,PP,PHEVGSL,NA,,,
NA,PP,PHEVGDO,NA,,,
NA,PP,CHEVGSL,NA,,,
NA,PP,CHEVGDO,NA,,,
NA,PP,SLD,NA,,FinalEnergy|Industry|Pulp마ndPaper|Solids,
NA,PP,GAS,NA,,FinalEnergy|Industry|Pulp마ndPaper|Gases,
NA,PP,LQD,NA,,FinalEnergy|Industry|Pulp마ndPaper|Liquids,
NA,PP,OLQT,NA,,,
NA,PP,NFF,NA,,,
NA,PP,NEF,NA,,,
NA,PP,HEATPUMP,NA,,,
NA,FD,REN,NA,,,
Coal and lignite final consumption of food and tobacco.Mtoe,FD,HCL,BITCOAL,FOODPRO,,
NA,FD,LGN,LIGNITE,FOODPRO,,
NA,FD,CRO,NA,,,
NA,FD,LPG,LPG,FOODPRO,,
NA,FD,GSL,NONBIOGASO,FOODPRO,,
NA,FD,KRS,NA,,,
"Diesel, heating oil final consumption of food and tobacco.Mtoe",FD,GDO,NONBIODIES,FOODPRO,,
NA,FD,RFO,NA,,,
NA,FD,OLQ,NA,,,
Natural gas final consumption of food and tobacco.Mtoe,FD,NGS,NATGAS,FOODPRO,,
NA,FD,OGS,NA,,,
NA,FD,NUC,NA,,,
NA,FD,STE,NA,,,
NA,FD,HYD,NA,,,
NA,FD,WND,NA,,,
NA,FD,SOL,SOLARTH,FOODPRO,,
Biomass final consumption of food and tobacco.Mtoe,FD,BMSWAS,NA,FOODPRO,,
NA,FD,GEO,NA,,,
NA,FD,MET,NA,,,
NA,FD,ETH,NA,,,
NA,FD,BGDO,BIODIESEL,FOODPRO,,
NA,FD,H2F,NA,,,
Electricity final consumption of food and tobacco.Mtoe,FD,ELC,ELECTR,FOODPRO,,
NA,FD,STE1AL,NA,,,
NA,FD,STE1AH,NA,,,
NA,FD,STE1AD,NA,,,
NA,FD,STE1AR,NA,,,
NA,FD,STE1AG,NA,,,
NA,FD,STE1AB,NA,,,
NA,FD,STE1AH2F,NA,,,
NA,FD,STE2LGN,NA,,,
NA,FD,STE2OSL,NA,,,
NA,FD,STE2GDO,NA,,,
NA,FD,STE2RFO,NA,,,
NA,FD,STE2OLQ,NA,,,
NA,FD,STE2NGS,NA,,,
NA,FD,STE2OGS,NA,,,
NA,FD,STE2BMS,NA,,,
NA,FD,PHEVGSL,NA,,,
NA,FD,PHEVGDO,NA,,,
NA,FD,CHEVGSL,NA,,,
NA,FD,CHEVGDO,NA,,,
NA,FD,SLD,NA,,,
NA,FD,GAS,NA,,,
NA,FD,LQD,NA,,,
NA,FD,OLQT,NA,,,
NA,FD,NFF,NA,,,
NA,FD,NEF,NA,,,
NA,FD,HEATPUMP,NA,,,
NA,EN,REN,NA,,,
Coal and lignite final consumption of construction.Mtoe,EN,HCL,BITCOAL,CONSTRUC,,
NA,EN,LGN,LIGNITE,CONSTRUC,,
Oil final consumption of construction.Mtoe,EN,CRO,NA,CONSTRUC,,
NA,EN,LPG,LPG,CONSTRUC,,
NA,EN,GSL,NONBIOGASO,CONSTRUC,,
NA,EN,KRS,NA,,,
"Diesel, heating oil final consumption of construction.Mtoe",EN,GDO,NONBIODIES,CONSTRUC,,
NA,EN,RFO,NA,,,
NA,EN,OLQ,NA,,,
Natural gas final consumption of construction.Mtoe,EN,NGS,NATGAS,CONSTRUC,,
NA,EN,OGS,NA,,,
NA,EN,NUC,NA,,,
NA,EN,STE,NA,,,
NA,EN,HYD,NA,,,
NA,EN,WND,NA,,,
NA,EN,SOL,NA,,,
Biomass final consumption of construction.Mtoe,EN,BMSWAS,NA,NA,,
NA,EN,GEO,NA,,,
NA,EN,MET,NA,,,
NA,EN,ETH,NA,,,
NA,EN,BGDO,BIODIESEL,CONSTRUC,,
NA,EN,H2F,NA,,,
Electricity final consumption of construction.Mtoe,EN,ELC,ELECTR,CONSTRUC,,
NA,EN,STE1AL,NA,,,
NA,EN,STE1AH,NA,,,
NA,EN,STE1AD,NA,,,
NA,EN,STE1AR,NA,,,
NA,EN,STE1AG,NA,,,
NA,EN,STE1AB,NA,,,
NA,EN,STE1AH2F,NA,,,
NA,EN,STE2LGN,NA,,,
NA,EN,STE2OSL,NA,,,
NA,EN,STE2GDO,NA,,,
NA,EN,STE2RFO,NA,,,
NA,EN,STE2OLQ,NA,,,
NA,EN,STE2NGS,NA,,,
NA,EN,STE2OGS,NA,,,
NA,EN,STE2BMS,NA,,,
NA,EN,PHEVGSL,NA,,,
NA,EN,PHEVGDO,NA,,,
NA,EN,CHEVGSL,NA,,,
NA,EN,CHEVGDO,NA,,,
NA,EN,SLD,NA,,,
NA,EN,GAS,NA,,,
NA,EN,LQD,NA,,,
NA,EN,OLQT,NA,,,
NA,EN,NFF,NA,,,
NA,EN,NEF,NA,,,
NA,EN,HEATPUMP,NA,,,
NA,TX,REN,NA,,,
Coal and lignite final consumption of textiles and leather.Mtoe,TX,HCL,BITCOAL,TEXTILES,,
NA,TX,LGN,LIGNITE,TEXTILES,,
NA,TX,CRO,NA,,,
NA,TX,LPG,LPG,TEXTILES,,
NA,TX,GSL,NONBIOGASO,TEXTILES,,
NA,TX,KRS,NA,,,
"Diesel, heating oil final consumption of textiles and leather.Mtoe",TX,GDO,NONBIODIES,TEXTILES,,
NA,TX,RFO,NA,,,
NA,TX,OLQ,NA,,,
Natural gas final consumption of textiles and leather.Mtoe,TX,NGS,NATGAS,TEXTILES,,
NA,TX,OGS,NA,,,
NA,TX,NUC,NA,,,
NA,TX,STE,NA,,,
NA,TX,HYD,NA,,,
NA,TX,WND,NA,,,
NA,TX,SOL,NA,,,
Biomass final consumption of textiles and leather.Mtoe,TX,BMSWAS,NA,TEXTILES,,
NA,TX,GEO,NA,,,
NA,TX,MET,NA,,,
NA,TX,ETH,NA,,,
NA,TX,BGDO,NA,,,
NA,TX,H2F,NA,,,
Electricity final consumption of textiles and leather.Mtoe,TX,ELC,ELECTR,TEXTILES,,
NA,TX,STE1AL,NA,,,
NA,TX,STE1AH,NA,,,
NA,TX,STE1AD,NA,,,
NA,TX,STE1AR,NA,,,
NA,TX,STE1AG,NA,,,
NA,TX,STE1AB,NA,,,
NA,TX,STE1AH2F,NA,,,
NA,TX,STE2LGN,NA,,,
NA,TX,STE2OSL,NA,,,
NA,TX,STE2GDO,NA,,,
NA,TX,STE2RFO,NA,,,
NA,TX,STE2OLQ,NA,,,
NA,TX,STE2NGS,NA,,,
NA,TX,STE2OGS,NA,,,
NA,TX,STE2BMS,NA,,,
NA,TX,PHEVGSL,NA,,,
NA,TX,PHEVGDO,NA,,,
NA,TX,CHEVGSL,NA,,,
NA,TX,CHEVGDO,NA,,,
NA,TX,SLD,NA,,,
NA,TX,GAS,NA,,,
NA,TX,LQD,NA,,,
NA,TX,OLQT,NA,,,
NA,TX,NFF,NA,,,
NA,TX,NEF,NA,,,
NA,TX,HEATPUMP,NA,,,
NA,OE,REN,NA,,,
Coal and lignite final consumption of mining.Mtoe,OE,HCL,BITCOAL,MINING,,
NA,OE,LGN,LIGNITE,MINING,,
NA,OE,CRO,NA,,,
NA,OE,LPG,LPG,MINING,,
NA,OE,GSL,NONBIOGASO,MINING,,
NA,OE,KRS,NA,,,
"Diesel, heating oil final consumption of mining.Mtoe",OE,GDO,NONBIODIES,MINING,,
NA,OE,RFO,NA,,,
NA,OE,OLQ,NA,,,
Natural gas final consumption of mining.Mtoe,OE,NGS,NATGAS,MINING,,
NA,OE,OGS,NA,,,
NA,OE,NUC,NA,,,
NA,OE,STE,NA,,,
NA,OE,HYD,NA,,,
NA,OE,WND,NA,,,
NA,OE,SOL,NA,,,
Biomass final consumption of mining.Mtoe,OE,BMSWAS,NA,NA,,
NA,OE,GEO,NA,,,
NA,OE,MET,NA,,,
NA,OE,ETH,NA,,,
NA,OE,BGDO,BIODIESEL,MINING,,
NA,OE,H2F,NA,,,
Electricity final consumption of mining.Mtoe,OE,ELC,ELECTR,MINING,,
NA,OE,STE1AL,NA,,,
NA,OE,STE1AH,NA,,,
NA,OE,STE1AD,NA,,,
NA,OE,STE1AR,NA,,,
NA,OE,STE1AG,NA,,,
NA,OE,STE1AB,NA,,,
NA,OE,STE1AH2F,NA,,,
NA,OE,STE2LGN,NA,,,
NA,OE,STE2OSL,NA,,,
NA,OE,STE2GDO,NA,,,
NA,OE,STE2RFO,NA,,,
NA,OE,STE2OLQ,NA,,,
NA,OE,STE2NGS,NA,,,
NA,OE,STE2OGS,NA,,,
NA,OE,STE2BMS,NA,,,
NA,OE,PHEVGSL,NA,,,
NA,OE,PHEVGDO,NA,,,
NA,OE,CHEVGSL,NA,,,
NA,OE,CHEVGDO,NA,,,
NA,OE,SLD,NA,,,
NA,OE,GAS,NA,,,
NA,OE,LQD,NA,,,
NA,OE,OLQT,NA,,,
NA,OE,NFF,NA,,,
NA,OE,NEF,NA,,,
NA,OE,HEATPUMP,NA,,,
NA,OI,REN,NA,,,
Coal and lignite final consumption miscellaneous industry.Mtoe,OI,HCL,NA,,,
NA,OI,LGN,NA,,,
NA,OI,CRO,NA,,,
NA,OI,LPG,NA,,,
NA,OI,GSL,NA,,,
NA,OI,KRS,NA,,,
"Diesel, heating oil final consumption miscellaneous industry.Mtoe",OI,GDO,NA,,,
NA,OI,RFO,NA,,,
NA,OI,OLQ,NA,,,
Natural gas final consumption of miscellaneous industry.Mtoe,OI,NGS,NA,,,
NA,OI,OGS,NA,,,
NA,OI,NUC,NA,,,
NA,OI,STE,NA,,,
NA,OI,HYD,NA,,,
NA,OI,WND,NA,,,
NA,OI,SOL,NA,,,
Biomass final consumption miscellaneous industry.Mtoe,OI,BMSWAS,NA,,,
NA,OI,GEO,NA,,,
NA,OI,MET,NA,,,
NA,OI,ETH,NA,,,
NA,OI,BGDO,NA,,,
NA,OI,H2F,NA,,,
Electricity final consumption miscellaneous industry.Mtoe,OI,ELC,NA,,,
NA,OI,STE1AL,NA,,,
NA,OI,STE1AH,NA,,,
NA,OI,STE1AD,NA,,,
NA,OI,STE1AR,NA,,,
NA,OI,STE1AG,NA,,,
NA,OI,STE1AB,NA,,,
NA,OI,STE1AH2F,NA,,,
NA,OI,STE2LGN,NA,,,
NA,OI,STE2OSL,NA,,,
NA,OI,STE2GDO,NA,,,
NA,OI,STE2RFO,NA,,,
NA,OI,STE2OLQ,NA,,,
NA,OI,STE2NGS,NA,,,
NA,OI,STE2OGS,NA,,,
NA,OI,STE2BMS,NA,,,
NA,OI,PHEVGSL,NA,,,
NA,OI,PHEVGDO,NA,,,
NA,OI,CHEVGSL,NA,,,
NA,OI,CHEVGDO,NA,,,
NA,OI,SLD,NA,,,
NA,OI,GAS,NA,,,
NA,OI,LQD,NA,,,
NA,OI,OLQT,NA,,,
NA,OI,NFF,NA,,,
NA,OI,NEF,NA,,,
NA,OI,HEATPUMP,NA,,,
NA,SE,REN,NA,,,
Coal final consumption of tertiary sector.Mtoe,SE,HCL,BITCOAL,COMMPUB,FinalEnergy|Commercial|Solids|Fossil,
NA,SE,LGN,LIGNITE,COMMPUB,,
NA,SE,CRO,NA,,FinalEnergy|Commercial|Liquids|Fossil,
NA,SE,LPG,LPG,COMMPUB,,
NA,SE,GSL,NONBIOGASO,COMMPUB,,
NA,SE,KRS,NA,,,
Oil final consumption of tertiary sector.Mtoe,SE,GDO,NONBIODIES,COMMPUB,,
NA,SE,RFO,NA,,,
NA,SE,OLQ,NA,,,
Natural gas final consumption of tertiary sector.Mtoe,SE,NGS,NATGAS,COMMPUB,,
NA,SE,OGS,NA,NA,,
NA,SE,NUC,NA,,,
NA,SE,STE,NA,,,
NA,SE,HYD,NA,,FinalEnergy|Commercial|Hydrogen,
NA,SE,WND,NA,,,
NA,SE,SOL,SOLARTH,COMMPUB,,
NA,SE,BMSWAS,NA,,FinalEnergy|Commercial|Solids|Biomass,
NA,SE,GEO,GEOTHERM,COMMPUB,,
NA,SE,MET,NA,,,
NA,SE,ETH,BIOGASOL,COMMPUB,,
NA,SE,BGDO,BIODIESEL,COMMPUB,,
NA,SE,H2F,NA,,,
NA,SE,ELC,ELECTR,COMMPUB,FinalEnergy|Commercial|Electricity,
NA,SE,STE1AL,NA,,,
NA,SE,STE1AH,NA,,,
NA,SE,STE1AD,NA,,,
NA,SE,STE1AR,NA,,,
NA,SE,STE1AG,NA,,,
NA,SE,STE1AB,NA,,,
NA,SE,STE1AH2F,NA,,,
NA,SE,STE2LGN,NA,,,
NA,SE,STE2OSL,NA,,,
NA,SE,STE2GDO,NA,,,
NA,SE,STE2RFO,NA,,,
NA,SE,STE2OLQ,NA,,,
NA,SE,STE2NGS,NA,,,
NA,SE,STE2OGS,NA,,,
NA,SE,STE2BMS,NA,,,
NA,SE,PHEVGSL,NA,,,
NA,SE,PHEVGDO,NA,,,
NA,SE,CHEVGSL,NA,,,
NA,SE,CHEVGDO,NA,,,
NA,SE,SLD,NA,,FinalEnergy|Commercial|Solids,
NA,SE,GAS,NA,,FinalEnergy|Commercial|Gases,
NA,SE,LQD,NA,,FinalEnergy|Commercial|Liquids,
NA,SE,OLQT,NA,,,
NA,SE,NFF,NA,,,
NA,SE,NEF,NA,,,
NA,SE,HEATPUMP,NA,,,
NA,AG,REN,NA,,,
Coal and lignite final consumption of agriculture.Mtoe,AG,HCL,BITCOAL,AGRICULT,,
NA,AG,LGN,LIGNITE,AGRICULT,,
NA,AG,CRO,NA,,,
NA,AG,LPG,LPG,AGRICULT,,
NA,AG,GSL,NONBIOGASO,AGRICULT,,
NA,AG,KRS,NA,,,
"Diesel, heating oil final consumption of agriculture.Mtoe",AG,GDO,NONBIODIES,AGRICULT,,
Oil final consumption of agriculture.Mtoe,AG,RFO,NA,NA,,
NA,AG,OLQ,NA,,,
Natural gas final consumption of agriculture.Mtoe,AG,NGS,NATGAS,AGRICULT,,
NA,AG,OGS,NA,,,
NA,AG,NUC,NA,,,
NA,AG,STE,NA,,,
NA,AG,HYD,NA,,,
NA,AG,WND,NA,,,
NA,AG,SOL,SOLARTH,AGRICULT,,
Biomass final consumption of agriculture.Mtoe,AG,BMSWAS,NA,NA,,
NA,AG,GEO,GEOTHERM,AGRICULT,,
NA,AG,MET,NA,,,
NA,AG,ETH,BIOGASOL,AGRICULT,,
NA,AG,BGDO,BIODIESEL,AGRICULT,,
NA,AG,H2F,NA,,,
Electricity final consumption of agriculture.Mtoe,AG,ELC,ELECTR,AGRICULT,FinalEnergy|Agriculture|Electricity,
NA,AG,STE1AL,NA,,,
NA,AG,STE1AH,NA,,,
NA,AG,STE1AD,NA,,,
NA,AG,STE1AR,NA,,,
NA,AG,STE1AG,NA,,,
NA,AG,STE1AB,NA,,,
NA,AG,STE1AH2F,NA,,,
NA,AG,STE2LGN,NA,,,
NA,AG,STE2OSL,NA,,,
NA,AG,STE2GDO,NA,,,
NA,AG,STE2RFO,NA,,,
NA,AG,STE2OLQ,NA,,,
NA,AG,STE2NGS,NA,,,
NA,AG,STE2OGS,NA,,,
NA,AG,STE2BMS,NA,,,
NA,AG,PHEVGSL,NA,,,
NA,AG,PHEVGDO,NA,,,
NA,AG,CHEVGSL,NA,,,
NA,AG,CHEVGDO,NA,,,
NA,AG,SLD,NA,,,
NA,AG,GAS,NA,,FinalEnergy|Agriculture|Gases,
NA,AG,LQD,NA,,FinalEnergy|Agriculture|Liquids,
NA,AG,OLQT,NA,,,
NA,AG,NFF,NA,,,
NA,AG,NEF,NA,,,
NA,AG,HEATPUMP,NA,,,
NA,HOU,REN,NA,,,
NA,HOU,LGN,LIGNITE,RESIDENT,FinalEnergy|Residential|Solids|Fossil,
Oil final consumption of residential sector.Mtoe,HOU,GDO,NONBIODIES,RESIDENT,,
NA,HOU,CRO,NA,,FinalEnergy|Residential|Liquids|Fossil,
NA,HOU,GSL,NONBIOGASO,RESIDENT,,
NA,HOU,KRS,NA,,,
NA,HOU,RFO,NA,,,
NA,HOU,OLQ,NA,,,
NA,HOU,OGS,NA,,,
NA,HOU,NUC,NA,,,
NA,HOU,STE,NA,,,
NA,HOU,HYD,NA,,FinalEnergy|Residential|Hydrogen,
NA,HOU,WND,NA,,,
NA,HOU,SOL,SOLARTH,RESIDENT,,
NA,HOU,GEO,GEOTHERM,RESIDENT,,
NA,HOU,MET,NA,,,
NA,HOU,ETH,BIOGASOL,RESIDENT,,
NA,HOU,BGDO,BIODIESEL,RESIDENT,,
NA,HOU,H2F,NA,,,
Natural gas final consumption of residential sector.Mtoe,HOU,NGS,NATGAS,RESIDENT,FinalEnergy|Residential|Gases|Fossil,
Coal and lignite final consumption of residential sector.Mtoe,HOU,HCL,BITCOAL,RESIDENT,,
LPG (liquified petroleum gas) final consumption of residential sector.Mtoe,HOU,LPG,LPG,RESIDENT,,
NA,HOU,STE1AL,NA,,,
NA,HOU,STE1AH,NA,,,
NA,HOU,STE1AD,NA,,,
NA,HOU,STE1AR,NA,,,
NA,HOU,STE1AG,NA,,,
NA,HOU,STE1AB,NA,,,
NA,HOU,STE1AH2F,NA,,,
NA,HOU,STE2LGN,NA,,,
NA,HOU,STE2OSL,NA,,,
NA,HOU,STE2GDO,NA,,,
NA,HOU,STE2RFO,NA,,,
NA,HOU,STE2OLQ,NA,,,
NA,HOU,STE2NGS,NA,,,
NA,HOU,STE2OGS,NA,,,
NA,HOU,STE2BMS,NA,,,
NA,HOU,PHEVGSL,NA,,,
NA,HOU,PHEVGDO,NA,,,
NA,HOU,CHEVGSL,NA,,,
NA,HOU,CHEVGDO,NA,,,
Electricity final consumption of residential sector.Mtoe,HOU,ELC,ELECTR,RESIDENT,FinalEnergy|Residential|Electricity,
Biomass final consumption of residential sector.Mtoe,HOU,BMSWAS,NA,NA,FinalEnergy|Residential|Solids|Biomass,
NA,HOU,SLD,NA,,FinalEnergy|Residential|Solids,
NA,HOU,GAS,NA,,FinalEnergy|Residential|Gases,
NA,HOU,LQD,NA,,FinalEnergy|Residential|Liquids,
NA,HOU,OLQT,NA,,,
NA,HOU,NFF,NA,,,
NA,HOU,NEF,NA,,,
NA,HOU,HEATPUMP,NA,,,
Motor gasoline final consumption of road transport (excl bioethanol).Mtoe,PC,GSL,NONBIOGASO,TOTTRANS,,
Biodiesel consumption of road transport.Mtoe,PC,BGDO,BIODIESEL,TOTTRANS,,
NA,PC,REN,NA,,,
NA,PC,HCL,NA,TOTTRANS,,
NA,PC,LGN,NA,,,
NA,PC,CRO,NA,,FinalEnergy|Transportation|Passenger|Liquids|Fossil,
NA,PC,KRS,NA,,,
Diesel final consumption of road transport (excl biodiesel).Mtoe,PC,GDO,NA,,,
NA,PC,RFO,NA,,,
NA,PC,OLQ,NA,,,
NA,PC,OGS,NA,,,
NA,PC,NUC,NA,,,
NA,PC,STE,NA,,,
NA,PC,HYD,NA,,FinalEnergy|Transportation|Passenger|Hydrogen,
NA,PC,WND,NA,,,
NA,PC,SOL,NA,,,
NA,PC,BMSWAS,NA,,,
NA,PC,GEO,NA,,,
NA,PC,MET,NA,,,
NA,PC,H2F,NA,,,
Electricity final consumption of road transport.Mtoe,PC,ELC,NA,NA,FinalEnergy|Transportation|Passenger|Electricity,
LPG (liquified petroleum gas) final consumption of road transport.Mtoe,PC,LPG,LPG,TOTTRANS,,
Natural gas final consumption of transport.Mtoe,PC,NGS,NATGAS,TOTTRANS,,
Bioethanol consumption of road transport.Mtoe,PC,ETH,BIOGASOL,TOTTRANS,,
NA,PC,STE1AL,NA,,,
NA,PC,STE1AH,NA,,,
NA,PC,STE1AD,NA,,,
NA,PC,STE1AR,NA,,,
NA,PC,STE1AG,NA,,,
NA,PC,STE1AB,NA,,,
NA,PC,STE1AH2F,NA,,,
NA,PC,STE2LGN,NA,,,
NA,PC,STE2OSL,NA,,,
NA,PC,STE2GDO,NA,,,
NA,PC,STE2RFO,NA,,,
NA,PC,STE2OLQ,NA,,,
NA,PC,STE2NGS,NA,,,
NA,PC,STE2OGS,NA,,,
NA,PC,STE2BMS,NA,,,
NA,PC,PHEVGSL,NA,,,
NA,PC,PHEVGDO,NA,,,
NA,PC,CHEVGSL,NA,,,
NA,PC,CHEVGDO,NA,,,
NA,PC,SLD,NA,,,
NA,PC,GAS,NA,,FinalEnergy|Transportation|Passenger|Gases,
NA,PC,LQD,NA,,FinalEnergy|Transportation|Passenger|Liquids,
NA,PC,OLQT,NA,,,
NA,PC,NFF,NA,,,
NA,PC,NEF,NA,,,
NA,PC,HEATPUMP,NA,,,
Diesel final consumption of rail transport.Mtoe,PT,GDO,NA,NA,,
NA,PT,REN,NA,,,
Electricity final consumption of rail transport.Mtoe,PT,ELC,NA,NA,FinalEnergy|Transportation|Rail|Electricity,
NA,PT,HCL,NA,,,
NA,PT,LGN,NA,,,
NA,PT,CRO,NA,,,
NA,PT,LPG,NA,,,
NA,PT,GSL,NA,,,
NA,PT,KRS,NA,,,
NA,PT,RFO,NA,,,
NA,PT,OLQ,NA,,,
NA,PT,NGS,NA,,FinalEnergy|Transportation|Rail|Gases|Fossil,
NA,PT,OGS,NA,,,
NA,PT,NUC,NA,,,
NA,PT,STE,NA,,,
NA,PT,HYD,NA,,FinalEnergy|Transportation|Rail|Hydrogen,
NA,PT,WND,NA,,,
NA,PT,SOL,NA,,,
NA,PT,BMSWAS,NA,,,
NA,PT,GEO,NA,,,
NA,PT,MET,NA,,,
NA,PT,ETH,NA,,,
NA,PT,BGDO,NA,,,
NA,PT,H2F,NA,,,
NA,PT,STE1AL,NA,,,
NA,PT,STE1AH,NA,,,
NA,PT,STE1AD,NA,,,
NA,PT,STE1AR,NA,,,
NA,PT,STE1AG,NA,,,
NA,PT,STE1AB,NA,,,
NA,PT,STE1AH2F,NA,,,
NA,PT,STE2LGN,NA,,,
NA,PT,STE2OSL,NA,,,
NA,PT,STE2GDO,NA,,,
NA,PT,STE2RFO,NA,,,
NA,PT,STE2OLQ,NA,,,
NA,PT,STE2NGS,NA,,,
NA,PT,STE2OGS,NA,,,
NA,PT,STE2BMS,NA,,,
NA,PT,PHEVGSL,NA,,,
NA,PT,PHEVGDO,NA,,,
NA,PT,CHEVGSL,NA,,,
NA,PT,CHEVGDO,NA,,,
NA,PT,SLD,NA,,,
NA,PT,GAS,NA,,FinalEnergy|Transportation|Rail|Gases,
NA,PT,LQD,NA,,FinalEnergy|Transportation|Rail|Liquids,
NA,PT,OLQT,NA,,,
NA,PT,NFF,NA,,,
NA,PT,NEF,NA,,,
NA,PT,HEATPUMP,NA,,,
NA,PA,REN,NA,,,
NA,PA,HCL,NA,,,
NA,PA,LGN,NA,,,
NA,PA,CRO,NA,,,
NA,PA,LPG,NA,,,
NA,PA,GSL,NA,,,
Kerosene final consumption.Mtoe,PA,KRS,NONBIOJETK,TOTTRANS,,
NA,PA,GDO,NA,,,
NA,PA,RFO,NA,,,
NA,PA,OLQ,NA,,,
NA,PA,NGS,NA,,,
NA,PA,OGS,NA,,,
NA,PA,NUC,NA,,,
NA,PA,STE,NA,,,
NA,PA,HYD,NA,,FinalEnergy|Transportation|Domesticㅁviation|Hydrogen,
NA,PA,WND,NA,,,
NA,PA,SOL,NA,,,
NA,PA,BMSWAS,NA,,,
NA,PA,GEO,NA,,,
NA,PA,MET,NA,,,
NA,PA,ETH,NA,,,
NA,PA,BGDO,NA,,,
NA,PA,H2F,NA,,,
NA,PA,ELC,NA,,FinalEnergy|Transportation|Domesticㅁviation|Electricity,
NA,PA,STE1AL,NA,,,
NA,PA,STE1AH,NA,,,
NA,PA,STE1AD,NA,,,
NA,PA,STE1AR,NA,,,
NA,PA,STE1AG,NA,,,
NA,PA,STE1AB,NA,,,
NA,PA,STE1AH2F,NA,,,
NA,PA,STE2LGN,NA,,,
NA,PA,STE2OSL,NA,,,
NA,PA,STE2GDO,NA,,,
NA,PA,STE2RFO,NA,,,
NA,PA,STE2OLQ,NA,,,
NA,PA,STE2NGS,NA,,,
NA,PA,STE2OGS,NA,,,
NA,PA,STE2BMS,NA,,,
NA,PA,PHEVGSL,NA,,,
NA,PA,PHEVGDO,NA,,,
NA,PA,CHEVGSL,NA,,,
NA,PA,CHEVGDO,NA,,,
NA,PA,SLD,NA,,,
NA,PA,GAS,NA,,,
NA,PA,LQD,NA,,FinalEnergy|Transportation|Domesticㅁviation|Liquids,
NA,PA,OLQT,NA,,,
NA,PA,NFF,NA,,,
NA,PA,NEF,NA,,,
NA,PA,HEATPUMP,NA,,,
NA,GU,REN,NA,,,
NA,GU,HCL,NA,TOTTRANS,,
NA,GU,LGN,NA,,,
NA,GU,CRO,NA,,FinalEnergy|Transportation|Truck|Liquids|Fossil,
NA,GU,LPG,NA,,,
NA,GU,GSL,NA,,,
Diesel final consumption of road transport (excl biodiesel).Mtoe,GU,GDO,NONBIODIES,TOTTRANS,,
NA,GU,NGS,NATGAS,TOTTRANS,,
NA,GU,BGDO,BIODIESEL,TOTTRANS,,
NA,GU,ELC,NA,NA,FinalEnergy|Transportation|Truck|Electricity,
NA,GU,KRS,NA,,,
NA,GU,RFO,NA,,,
NA,GU,OLQ,NA,,,
NA,GU,OGS,NA,,,
NA,GU,NUC,NA,,,
NA,GU,STE,NA,,,
NA,GU,HYD,NA,,FinalEnergy|Transportation|Truck|Hydrogen,
NA,GU,WND,NA,,,
NA,GU,SOL,NA,,,
NA,GU,BMSWAS,NA,,FinalEnergy|Transportation|Truck|Liquids|Biomass,
NA,GU,GEO,NA,,,
NA,GU,MET,NA,,,
NA,GU,ETH,NA,,,
NA,GU,H2F,NA,,,
NA,GU,STE1AL,NA,,,
NA,GU,STE1AH,NA,,,
NA,GU,STE1AD,NA,,,
NA,GU,STE1AR,NA,,,
NA,GU,STE1AG,NA,,,
NA,GU,STE1AB,NA,,,
NA,GU,STE1AH2F,NA,,,
NA,GU,STE2LGN,NA,,,
NA,GU,STE2OSL,NA,,,
NA,GU,STE2GDO,NA,,,
NA,GU,STE2RFO,NA,,,
NA,GU,STE2OLQ,NA,,,
NA,GU,STE2NGS,NA,,,
NA,GU,STE2OGS,NA,,,
NA,GU,STE2BMS,NA,,,
NA,GU,PHEVGSL,NA,,,
NA,GU,PHEVGDO,NA,,,
NA,GU,CHEVGSL,NA,,,
NA,GU,CHEVGDO,NA,,,
NA,GU,SLD,NA,,,
NA,GU,GAS,NA,,FinalEnergy|Transportation|Truck|Gases,
NA,GU,LQD,NA,,FinalEnergy|Transportation|Truck|Liquids,
NA,GU,OLQT,NA,,,
NA,GU,NFF,NA,,,
NA,GU,NEF,NA,,,
NA,GU,HEATPUMP,NA,,,
NA,GT,REN,NA,,,
NA,GT,HCL,NA,,,
NA,GT,LGN,NA,,,
NA,GT,CRO,NA,,,
NA,GT,LPG,NA,,,
NA,GT,GSL,NA,,,
NA,GT,KRS,NA,,,
NA,GT,RFO,NA,,,
NA,GT,OLQ,NA,,,
NA,GT,NGS,NA,,,
NA,GT,OGS,NA,,,
NA,GT,NUC,NA,,,
NA,GT,STE,NA,,,
NA,GT,HYD,NA,,,
NA,GT,WND,NA,,,
NA,GT,SOL,NA,,,
NA,GT,BMSWAS,NA,,,
NA,GT,GEO,NA,,,
NA,GT,MET,NA,,,
NA,GT,ETH,NA,,,
NA,GT,BGDO,NA,,,
NA,GT,H2F,NA,,,
Diesel final consumption of rail transport.Mtoe,GT,GDO,NA,NA,,
Electricity final consumption of rail transport.Mtoe,GT,ELC,NA,NA,,
NA,GT,STE1AL,NA,,,
NA,GT,STE1AH,NA,,,
NA,GT,STE1AD,NA,,,
NA,GT,STE1AR,NA,,,
NA,GT,STE1AG,NA,,,
NA,GT,STE1AB,NA,,,
NA,GT,STE1AH2F,NA,,,
NA,GT,STE2LGN,NA,,,
NA,GT,STE2OSL,NA,,,
NA,GT,STE2GDO,NA,,,
NA,GT,STE2RFO,NA,,,
NA,GT,STE2OLQ,NA,,,
NA,GT,STE2NGS,NA,,,
NA,GT,STE2OGS,NA,,,
NA,GT,STE2BMS,NA,,,
NA,GT,PHEVGSL,NA,,,
NA,GT,PHEVGDO,NA,,,
NA,GT,CHEVGSL,NA,,,
NA,GT,CHEVGDO,NA,,,
NA,GT,SLD,NA,,,
NA,GT,GAS,NA,,,
NA,GT,LQD,NA,,,
NA,GT,OLQT,NA,,,
NA,GT,NFF,NA,,,
NA,GT,NEF,NA,,,
NA,GT,HEATPUMP,NA,,,
Coal and lignite final consumption of internal navigation.Mtoe,GN,HCL,BITCOAL,TOTTRANS,,
Diesel final consumption of navigation.Mtoe,GN,GDO,NA,NA,,
NA,GN,REN,NA,,,
NA,GN,LGN,NA,,,
NA,GN,CRO,NA,,,
NA,GN,LPG,NA,,,
NA,GN,GSL,NA,,,
NA,GN,KRS,NA,,,
NA,GN,RFO,NA,,,
NA,GN,OLQ,NA,,,
NA,GN,NGS,NA,,,
NA,GN,OGS,NA,,,
NA,GN,NUC,NA,,,
NA,GN,STE,NA,,,
NA,GN,HYD,NA,,,
NA,GN,WND,NA,,,
NA,GN,SOL,NA,,,
NA,GN,BMSWAS,NA,,,
NA,GN,GEO,NA,,,
NA,GN,MET,NA,,,
NA,GN,ETH,NA,,,
NA,GN,BGDO,NA,,,
NA,GN,H2F,NA,,,
NA,GN,ELC,NA,,,
NA,GN,STE1AL,NA,,,
NA,GN,STE1AH,NA,,,
NA,GN,STE1AD,NA,,,
NA,GN,STE1AR,NA,,,
NA,GN,STE1AG,NA,,,
NA,GN,STE1AB,NA,,,
NA,GN,STE1AH2F,NA,,,
NA,GN,STE2LGN,NA,,,
NA,GN,STE2OSL,NA,,,
NA,GN,STE2GDO,NA,,,
NA,GN,STE2RFO,NA,,,
NA,GN,STE2OLQ,NA,,,
NA,GN,STE2NGS,NA,,,
NA,GN,STE2OGS,NA,,,
NA,GN,STE2BMS,NA,,,
NA,GN,PHEVGSL,NA,,,
NA,GN,PHEVGDO,NA,,,
NA,GN,CHEVGSL,NA,,,
NA,GN,CHEVGDO,NA,,,
NA,GN,SLD,NA,,,
NA,GN,GAS,NA,,,
NA,GN,LQD,NA,,,
NA,GN,OLQT,NA,,,
NA,GN,NFF,NA,,,
NA,GN,NEF,NA,,,
NA,GN,HEATPUMP,NA,,,
NA,BU,REN,NA,,,
NA,BU,HCL,NA,,,
NA,BU,LGN,NA,,,
Heavy fuel oil consumption for marine bunkers.Mt,BU,CRO,NA,NA,,
NA,BU,LPG,NA,,,
NA,BU,GSL,NONBIOGASO,MARBUNK,,
NA,BU,KRS,NA,,,
"Diesel, heating oil consumption for marine bunkers.Mt",BU,GDO,NONBIODIES,MARBUNK,,
NA,BU,RFO,NA,,,
NA,BU,OLQ,NA,,,
NA,BU,NGS,NATGAS,MARBUNK,,
NA,BU,OGS,NA,,,
NA,BU,NUC,NA,,,
NA,BU,STE,NA,,,
NA,BU,HYD,NA,,FinalEnergy|Bunkers|Hydrogen,
NA,BU,WND,NA,,,
NA,BU,SOL,NA,,,
NA,BU,BMSWAS,NA,,,
NA,BU,GEO,NA,,,
NA,BU,MET,NA,,,
NA,BU,ETH,NA,,,
NA,BU,BGDO,BIODIESEL,MARBUNK,,
NA,BU,H2F,NA,,,
NA,BU,ELC,NA,,FinalEnergy|Bunkers|Electricity,
NA,BU,STE1AL,NA,,,
NA,BU,STE1AH,NA,,,
NA,BU,STE1AD,NA,,,
NA,BU,STE1AR,NA,,,
NA,BU,STE1AG,NA,,,
NA,BU,STE1AB,NA,,,
NA,BU,STE1AH2F,NA,,,
NA,BU,STE2LGN,NA,,,
NA,BU,STE2OSL,NA,,,
NA,BU,STE2GDO,NA,,,
NA,BU,STE2RFO,NA,,,
NA,BU,STE2OLQ,NA,,,
NA,BU,STE2NGS,NA,,,
NA,BU,STE2OGS,NA,,,
NA,BU,STE2BMS,NA,,,
NA,BU,PHEVGSL,NA,,,
NA,BU,PHEVGDO,NA,,,
NA,BU,CHEVGSL,NA,,,
NA,BU,CHEVGDO,NA,,,
NA,BU,SLD,NA,,,
NA,BU,GAS,NA,,FinalEnergy|Bunkers|Gases,
NA,BU,LQD,NA,,FinalEnergy|Bunkers|Liquids,
NA,BU,OLQT,NA,,,
NA,BU,NFF,NA,,,
NA,BU,NEF,NA,,,
NA,BU,HEATPUMP,NA,,,
NA,NEN,REN,NA,,,
Coal final consumption of non energy uses.Mtoe,NEN,HCL,BITCOAL,NONENUSE,,FinalEnergy|Non-EnergyUse|Solids|Coal
NA,NEN,LGN,LIGNITE,NONENUSE,,
Oil final consumption of non energy uses.Mtoe,NEN,CRO,NA,NA,,FinalEnergy|Non-EnergyUse|Liquids|Fossil
LPG final consumption of non energy uses.Mtoe,NEN,LPG,LPG,NONENUSE,,
NA,NEN,GSL,NONBIOGASO,NONENUSE,,
NA,NEN,KRS,NA,,,
NA,NEN,GDO,NONBIODIES,NONENUSE,,
NA,NEN,RFO,NA,,,
NA,NEN,OLQ,NA,,,
Natural gas final consumption of non energy uses.Mtoe,NEN,NGS,NATGAS,NONENUSE,FinalEnergy|Non-EnergyUse|Gases|Fossil,
NA,NEN,OGS,COKEOVGS,NONENUSE,,
NA,NEN,NUC,NA,,,
NA,NEN,STE,NA,,,
NA,NEN,HYD,NA,,FinalEnergy|Non-EnergyUse|Hydrogen,
NA,NEN,WND,NA,,,
NA,NEN,SOL,NA,,,
NA,NEN,BMSWAS,NA,,FinalEnergy|Non-EnergyUse|Solids|Biomass,
NA,NEN,GEO,NA,,,
NA,NEN,MET,NA,,,
NA,NEN,ETH,NA,,,
NA,NEN,BGDO,NA,,,
NA,NEN,H2F,NA,,,
NA,NEN,ELC,NA,,,
NA,NEN,STE1AL,NA,,,
NA,NEN,STE1AH,NA,,,
NA,NEN,STE1AD,NA,,,
NA,NEN,STE1AR,NA,,,
NA,NEN,STE1AG,NA,,,
NA,NEN,STE1AB,NA,,,
NA,NEN,STE1AH2F,NA,,,
NA,NEN,STE2LGN,NA,,,
NA,NEN,STE2OSL,NA,,,
NA,NEN,STE2GDO,NA,,,
NA,NEN,STE2RFO,NA,,,
NA,NEN,STE2OLQ,NA,,,
NA,NEN,STE2NGS,NA,,,
NA,NEN,STE2OGS,NA,,,
NA,NEN,STE2BMS,NA,,,
NA,NEN,PHEVGSL,NA,,,
NA,NEN,PHEVGDO,NA,,,
NA,NEN,CHEVGSL,NA,,,
NA,NEN,CHEVGDO,NA,,,
NA,NEN,SLD,NA,,FinalEnergy|Non-EnergyUse|Solids,
NA,NEN,GAS,NA,,FinalEnergy|Non-EnergyUse|Gases,
NA,NEN,LQD,NA,,FinalEnergy|Non-EnergyUse|Liquids,
NA,NEN,OLQT,NA,,,
NA,NEN,NFF,NA,,,
NA,NEN,NEF,NA,,,
NA,NEN,HEATPUMP,NA,,,
NA,PG,REN,NA,,,
NA,PG,HCL,NA,,,
NA,PG,LGN,NA,,,
NA,PG,CRO,NA,,,
NA,PG,LPG,NA,,,
NA,PG,GSL,NA,,,
NA,PG,KRS,NA,,,
NA,PG,GDO,NA,,,
NA,PG,RFO,NA,,,
NA,PG,OLQ,NA,,,
NA,PG,NGS,NA,,,
NA,PG,OGS,NA,,,
NA,PG,NUC,NA,,,
NA,PG,STE,NA,,,
NA,PG,HYD,NA,,,
NA,PG,WND,NA,,,
NA,PG,SOL,NA,,,
NA,PG,BMSWAS,NA,,,
NA,PG,GEO,NA,,,
NA,PG,MET,NA,,,
NA,PG,ETH,NA,,,
NA,PG,BGDO,NA,,,
NA,PG,H2F,NA,,,
NA,PG,ELC,NA,,,
NA,PG,STE1AL,NA,,,
NA,PG,STE1AH,NA,,,
NA,PG,STE1AD,NA,,,
NA,PG,STE1AR,NA,,,
NA,PG,STE1AG,NA,,,
NA,PG,STE1AB,NA,,,
NA,PG,STE1AH2F,NA,,,
NA,PG,STE2LGN,NA,,,
NA,PG,STE2OSL,NA,,,
NA,PG,STE2GDO,NA,,,
NA,PG,STE2RFO,NA,,,
NA,PG,STE2OLQ,NA,,,
NA,PG,STE2NGS,NA,,,
NA,PG,STE2OGS,NA,,,
NA,PG,STE2BMS,NA,,,
NA,PG,PHEVGSL,NA,,,
NA,PG,PHEVGDO,NA,,,
NA,PG,CHEVGSL,NA,,,
NA,PG,CHEVGDO,NA,,,
NA,PG,SLD,NA,,,
NA,PG,GAS,NA,,,
NA,PG,LQD,NA,,,
NA,PG,OLQT,NA,,,
NA,PG,NFF,NA,,,
NA,PG,NEF,NA,,,
NA,PG,HEATPUMP,NA,,,
NA,H2P,REN,NA,,,
NA,H2P,HCL,NA,,,
NA,H2P,LGN,NA,,,
NA,H2P,CRO,NA,,,
NA,H2P,LPG,NA,,,
NA,H2P,GSL,NA,,,
NA,H2P,KRS,NA,,,
NA,H2P,GDO,NA,,,
NA,H2P,RFO,NA,,,
NA,H2P,OLQ,NA,,,
NA,H2P,NGS,NA,,,
NA,H2P,OGS,NA,,,
NA,H2P,NUC,NA,,,
NA,H2P,STE,NA,,,
NA,H2P,HYD,NA,,,
NA,H2P,WND,NA,,,
NA,H2P,SOL,NA,,,
NA,H2P,BMSWAS,NA,,,
NA,H2P,GEO,NA,,,
NA,H2P,MET,NA,,,
NA,H2P,ETH,NA,,,
NA,H2P,BGDO,NA,,,
NA,H2P,H2F,NA,,,
NA,H2P,ELC,NA,,,
NA,H2P,STE1AL,NA,,,
NA,H2P,STE1AH,NA,,,
NA,H2P,STE1AD,NA,,,
NA,H2P,STE1AR,NA,,,
NA,H2P,STE1AG,NA,,,
NA,H2P,STE1AB,NA,,,
NA,H2P,STE1AH2F,NA,,,
NA,H2P,STE2LGN,NA,,,
NA,H2P,STE2OSL,NA,,,
NA,H2P,STE2GDO,NA,,,
NA,H2P,STE2RFO,NA,,,
NA,H2P,STE2OLQ,NA,,,
NA,H2P,STE2NGS,NA,,,
NA,H2P,STE2OGS,NA,,,
NA,H2P,STE2BMS,NA,,,
NA,H2P,PHEVGSL,NA,,,
NA,H2P,PHEVGDO,NA,,,
NA,H2P,CHEVGSL,NA,,,
NA,H2P,CHEVGDO,NA,,,
NA,H2P,SLD,NA,,,
NA,H2P,GAS,NA,,,
NA,H2P,LQD,NA,,,
NA,H2P,OLQT,NA,,,
NA,H2P,NFF,NA,,,
NA,H2P,NEF,NA,,,
NA,H2P,HEATPUMP,NA,,,
NA,H2INFR,REN,NA,,,
NA,H2INFR,HCL,NA,,,
NA,H2INFR,LGN,NA,,,
NA,H2INFR,CRO,NA,,,
NA,H2INFR,LPG,NA,,,
NA,H2INFR,GSL,NA,,,
NA,H2INFR,KRS,NA,,,
NA,H2INFR,GDO,NA,,,
NA,H2INFR,RFO,NA,,,
NA,H2INFR,OLQ,NA,,,
NA,H2INFR,NGS,NA,,,
NA,H2INFR,OGS,NA,,,
NA,H2INFR,NUC,NA,,,
NA,H2INFR,STE,NA,,,
NA,H2INFR,HYD,NA,,,
NA,H2INFR,WND,NA,,,
NA,H2INFR,SOL,NA,,,
NA,H2INFR,BMSWAS,NA,,,
NA,H2INFR,GEO,NA,,,
NA,H2INFR,MET,NA,,,
NA,H2INFR,ETH,NA,,,
NA,H2INFR,BGDO,NA,,,
NA,H2INFR,H2F,NA,,,
NA,H2INFR,ELC,NA,,,
NA,H2INFR,STE1AL,NA,,,
NA,H2INFR,STE1AH,NA,,,
NA,H2INFR,STE1AD,NA,,,
NA,H2INFR,STE1AR,NA,,,
NA,H2INFR,STE1AG,NA,,,
NA,H2INFR,STE1AB,NA,,,
NA,H2INFR,STE1AH2F,NA,,,
NA,H2INFR,STE2LGN,NA,,,
NA,H2INFR,STE2OSL,NA,,,
NA,H2INFR,STE2GDO,NA,,,
NA,H2INFR,STE2RFO,NA,,,
NA,H2INFR,STE2OLQ,NA,,,
NA,H2INFR,STE2NGS,NA,,,
NA,H2INFR,STE2OGS,NA,,,
NA,H2INFR,STE2BMS,NA,,,
NA,H2INFR,PHEVGSL,NA,,,
NA,H2INFR,PHEVGDO,NA,,,
NA,H2INFR,CHEVGSL,NA,,,
NA,H2INFR,CHEVGDO,NA,,,
NA,H2INFR,SLD,NA,,,
NA,H2INFR,GAS,NA,,,
NA,H2INFR,LQD,NA,,,
NA,H2INFR,OLQT,NA,,,
NA,H2INFR,NFF,NA,,,
NA,H2INFR,NEF,NA,,,
NA,H2INFR,HEATPUMP,NA,,,
